index,Predicted
97878,3
43628,2
9712,1
80948,0
19405,0
37225,0
67800,0
46215,0
33684,0
963,0
32615,0
93353,2
1469,1
94392,1
61259,0
68275,0
52755,1
33273,0
43605,2
95062,0
4416,0
92301,0
42289,1
14370,0
37727,2
78337,1
13102,0
96029,0
21985,0
82039,2
57398,0
39743,0
18079,0
76361,1
45508,0
79271,0
61593,2
13886,0
21864,0
97563,1
45020,0
58970,0
17879,0
27325,0
27194,0
49624,0
96860,2
50079,0
7641,0
49143,2
41446,2
62583,0
88021,1
25183,0
62597,0
29412,0
12355,0
3805,0
74439,0
76918,2
91629,0
79464,2
89508,0
63483,0
18836,0
3952,0
43796,0
18239,0
12956,0
62584,0
18796,1
48310,2
10033,0
61148,0
39767,2
27987,0
59584,0
4975,1
7005,0
34176,0
43457,0
50046,0
69953,2
24521,0
41029,0
51200,0
12557,0
8579,3
75774,0
31522,3
73948,0
37803,0
53873,2
29975,0
17522,1
42203,0
37747,2
40877,3
99698,0
22691,0
76289,0
48991,0
5018,1
71021,0
24490,0
35417,0
38838,0
35041,0
76547,1
71067,0
2293,0
4359,0
50736,3
28287,1
16721,0
32279,0
6725,0
50252,1
29877,0
12480,0
48494,0
81118,1
36025,2
9975,0
57917,0
34177,0
61839,0
29673,0
53982,0
42411,3
62385,0
91057,0
62344,2
67024,0
51690,1
77392,0
55203,0
50549,0
68073,1
83394,0
74442,2
83412,1
62571,2
44005,0
76504,3
25804,0
30266,0
77084,0
66599,0
8433,0
11472,0
61260,0
90428,0
7,0
30415,3
49725,0
96230,2
9292,0
57318,0
31976,0
47727,1
24021,0
5944,2
66207,0
88140,0
69192,0
81577,0
11884,1
34626,3
61337,1
40352,0
55846,0
31811,0
51600,2
7362,1
5806,2
98884,0
11766,0
89288,0
38199,0
89260,2
22395,0
35608,0
85977,0
96370,0
23611,3
91860,0
28343,0
74355,0
12821,0
94519,0
61400,0
46879,0
77773,1
29948,0
21543,0
14783,1
79894,3
43728,0
1128,3
50351,0
81857,0
62682,3
58621,0
72990,1
8748,3
13523,2
67415,0
56463,0
59116,2
42267,0
43302,0
79369,1
10346,2
40564,1
69439,2
175,0
1228,0
26882,2
30283,0
8127,0
84911,0
74554,0
16213,2
94259,1
40182,0
44632,0
6395,0
62600,1
89469,0
29156,0
28339,0
29274,0
96237,1
52146,0
21723,0
42390,0
20348,0
52604,0
45778,0
73844,0
52635,0
37967,3
6397,0
28570,0
48168,0
59869,3
42065,0
38687,0
87522,0
97479,0
28956,0
14145,0
32462,0
87841,3
49609,0
37235,2
78500,0
22342,0
38338,1
78542,0
13561,0
43680,0
81238,3
49469,0
65589,0
80932,0
96774,1
36156,0
93549,1
52584,0
11103,2
44195,0
81296,3
66401,2
6590,2
9381,0
65182,2
54595,2
42877,0
23893,0
25276,0
35234,0
41797,1
61554,0
78053,2
93243,0
19412,0
50956,0
38733,1
17207,1
23557,1
75573,0
71863,0
92593,0
35028,3
33824,0
99821,0
9415,1
34567,3
9367,0
12250,2
98240,0
28734,0
80696,0
60268,3
96782,0
76891,3
10558,2
98052,0
34277,0
93110,0
38284,0
33072,1
13126,0
57411,0
64029,0
22422,0
94800,3
28113,1
3077,0
45366,0
47690,0
75423,0
41833,0
82586,0
85822,0
51966,3
3925,0
29804,0
98286,0
41429,0
29647,1
47232,0
4595,1
48815,1
32831,2
17643,0
6803,1
76091,0
35557,0
17009,0
20029,0
65278,1
89667,0
95551,1
63050,3
68639,0
99276,0
85459,1
76938,0
85898,0
63488,2
98915,0
9841,0
66109,0
93705,0
50902,2
91020,0
15071,0
90501,1
28396,0
50420,0
59815,0
56942,0
16441,2
62384,0
62731,0
94532,2
43753,0
21145,2
3324,3
41804,0
85279,0
26869,3
9979,0
30143,1
39687,0
28011,2
68008,0
72807,0
34635,2
28817,2
55635,0
4489,0
48059,0
72399,0
76204,0
2736,1
62918,0
1575,0
52548,0
6727,0
63931,0
59846,0
59295,0
38912,1
27778,0
44168,0
83276,0
4429,0
61742,0
52023,2
76428,0
68929,3
92157,0
9331,2
31978,0
44902,0
78501,1
12408,0
7152,2
73220,0
25160,0
85801,1
70134,1
8456,0
75191,0
65022,0
16274,0
28443,2
54184,0
73804,0
97695,0
76072,2
37894,0
11714,0
94401,0
60582,1
27246,0
24624,0
9661,0
93125,1
15106,0
6833,0
37874,0
60989,1
46954,3
21479,0
22279,1
74848,0
48277,3
71777,0
2678,0
19528,0
2768,0
64696,0
21808,0
99747,0
16762,0
85393,0
78331,1
94603,3
3308,0
79752,0
86994,2
95810,0
62861,0
56282,0
50006,0
63827,0
61610,0
14009,2
44405,1
8425,3
53745,0
99135,0
13736,0
33864,0
74222,0
9343,0
69555,1
5468,0
48146,0
24371,0
68539,1
16221,0
94906,2
61283,1
65384,0
10962,1
77969,0
40939,0
43321,0
93109,0
24718,0
73569,2
57738,0
53597,2
58397,1
98153,0
26234,0
96697,0
48339,0
85319,1
56266,1
26233,0
4229,0
56828,0
37696,0
95189,0
63718,3
72210,0
99520,0
72696,0
78096,0
84317,0
66584,2
2122,0
27494,0
84010,0
97763,0
4231,0
29653,0
70196,0
65741,1
89189,0
76765,0
72004,3
43559,0
66685,0
33513,0
61079,1
76603,0
76219,0
386,0
20533,0
57163,2
89558,0
91811,1
10457,0
32771,0
12361,2
61678,0
27197,0
77558,0
35820,0
96445,0
2954,0
58887,0
19850,0
52317,0
62900,1
59174,0
17557,3
21745,0
84018,2
39176,2
30284,0
94999,1
17127,0
33368,1
514,3
41535,2
43217,3
38121,0
35573,0
15763,1
92793,0
87661,0
55665,2
84902,0
36900,0
92395,0
60732,0
78506,3
71216,0
84966,2
93631,1
23385,0
13578,3
76712,0
31441,1
3653,1
60850,0
5347,0
93704,0
90061,0
10862,1
67604,0
87610,0
67549,0
2983,2
32806,0
79393,0
93936,1
41601,2
88349,0
59122,0
41539,0
41400,1
82591,0
87215,0
99589,0
83941,0
57666,1
241,0
77461,0
95753,3
9044,0
37683,0
41910,0
13188,0
97457,2
50793,1
75393,2
53828,0
2816,0
75544,0
73497,1
32357,0
71575,0
8774,0
98200,0
3723,1
82369,0
76676,0
94385,2
63913,0
23803,0
49921,0
45402,0
37809,0
67516,0
8097,0
8120,0
66573,0
25174,0
74370,0
18341,0
3882,0
57945,0
12820,0
64159,2
68456,0
87611,1
73075,0
91475,1
70090,2
56919,0
52948,0
69158,0
56246,0
87892,0
63840,0
29649,0
41380,0
39365,0
689,0
77524,0
31638,0
32776,0
40088,0
93111,0
20805,0
405,0
61592,0
70583,0
1394,0
95774,1
63343,2
71177,0
87719,0
21754,0
27235,0
5653,0
71288,2
70432,0
84038,0
61604,0
36032,0
51654,1
42914,0
15813,2
1666,1
63573,3
91227,0
94634,0
27580,0
33713,2
77059,0
96383,0
22747,3
41738,0
64066,0
13681,0
61713,0
14457,0
24827,0
526,1
89537,0
14005,3
36322,2
36998,0
88861,0
41457,0
89121,0
35486,1
74601,1
61899,0
95537,2
73666,0
31837,3
90254,0
48086,0
49181,0
28841,0
85213,0
9290,0
64008,0
90004,1
16693,2
82165,0
57935,0
55480,1
89353,0
13810,1
70180,0
54660,0
6977,0
29404,0
37680,2
43291,3
85882,0
32399,0
73970,0
24165,0
99558,0
77743,0
55112,0
92858,0
14606,0
1169,0
40948,0
59001,0
95739,2
91247,0
21320,0
39326,0
35340,0
24367,0
94849,0
5201,0
79153,0
35745,1
37836,2
24346,0
21503,0
31721,0
34480,0
62052,0
74476,0
46153,0
47507,0
63152,0
10207,0
61109,0
6021,1
48760,1
58777,3
17942,2
41957,0
90749,0
6987,1
27871,1
91353,0
41244,0
91244,1
13799,0
81109,1
34323,0
46332,0
79128,0
24126,0
30468,0
83025,0
23556,1
53653,0
31970,0
56269,2
33975,0
44054,0
72451,0
90014,0
82575,1
33134,0
60,0
95350,1
75197,2
22950,0
29112,0
98132,0
69134,1
82939,0
44691,0
58831,1
78951,0
11857,2
100,0
71700,0
42668,1
40031,0
59568,0
26441,0
83544,0
96779,0
83724,2
69742,2
10423,2
1517,0
25203,0
41189,0
96735,0
56879,2
38589,1
173,0
12682,0
71478,0
91494,2
64635,0
63669,0
55838,0
36158,0
1684,0
87769,0
38030,2
67431,2
69739,2
75769,3
21481,0
63662,1
18593,3
97187,0
97089,1
32620,3
10711,0
15732,0
74566,2
71415,0
12967,0
92760,2
19772,1
79558,2
38496,0
15356,0
57762,0
27287,0
76772,0
37632,1
60879,1
14170,0
63089,0
46520,3
8543,0
52646,0
74472,0
17136,3
20605,2
62409,0
43612,0
53958,0
56610,0
50342,0
44072,0
51861,0
1845,0
27695,1
1274,3
1225,0
55987,0
33091,0
73392,0
96919,0
99187,0
37141,0
98527,0
29217,1
23881,1
41790,0
67505,0
60416,0
12062,0
33339,0
60444,0
24213,2
87607,0
86206,3
14089,0
61587,0
16547,3
68995,0
49938,2
65756,2
64447,0
16012,0
93516,0
2196,3
2205,0
42363,0
62798,0
54045,0
57058,0
2696,0
49957,0
37329,1
33954,0
898,0
31703,0
30425,0
34858,1
87939,3
62192,0
99237,0
9510,0
131,0
17342,0
31854,0
10465,0
93798,0
7121,3
28715,3
20107,0
950,0
43408,0
56564,0
64452,0
69988,1
80257,0
95017,3
20802,0
85859,0
21501,1
57642,0
41094,0
80030,0
88088,0
7139,0
25009,0
30723,0
52993,0
73349,0
66124,2
48483,0
13480,0
98051,2
90397,0
55706,0
95564,0
73846,0
97155,1
1250,0
5694,0
87037,0
80633,0
33670,1
29940,0
80260,0
32527,0
93049,3
52944,2
64195,0
53222,0
39092,0
11058,0
36230,1
60252,0
35072,0
64010,0
35798,0
28110,0
14363,0
85836,3
47530,1
55590,1
63059,0
76099,0
70545,1
41510,2
40104,0
15606,0
94784,0
73888,2
97435,0
4808,0
93855,2
96430,0
22609,0
28902,0
78939,1
97072,0
6957,0
1101,0
10789,0
68448,0
34165,0
61442,1
36666,1
53013,1
74435,2
72741,0
59806,0
13547,0
77054,1
47448,0
53855,1
25585,0
66211,0
64733,2
52001,0
52821,2
69892,2
83699,0
26683,0
52780,2
76000,0
81153,0
77965,0
95684,2
19312,0
80999,0
7566,0
77664,0
56123,0
15248,2
90737,0
48071,0
25963,2
57742,0
34002,0
94030,0
49306,0
24676,1
48090,0
1092,0
70085,1
29139,0
85230,0
3597,2
32152,0
85865,0
50059,0
90801,0
35884,0
40446,0
11642,0
9583,0
68366,0
17260,0
9922,0
62082,0
44494,0
47414,3
31993,2
14649,3
33878,1
94353,0
81392,0
34749,0
45048,3
73135,1
34180,0
28190,1
30450,1
45061,0
23366,0
3905,2
44576,0
23698,2
16872,0
72509,1
99004,1
74505,0
4536,1
71540,0
46323,0
21224,0
86245,0
82302,0
49164,0
12373,0
8874,1
20022,3
91060,3
32828,0
30665,3
61867,3
91700,3
35735,0
97660,1
27040,0
4454,0
19541,0
19945,0
7327,0
27527,1
14874,0
61199,1
78646,0
73184,0
97194,3
70309,0
72839,1
63792,0
20305,2
41682,0
31122,0
8819,1
61602,0
5046,3
30001,0
6163,0
29981,0
83006,0
4026,0
95464,0
22287,0
30464,1
36745,0
35801,0
42712,0
33721,0
42902,0
13553,0
62528,2
30094,2
36818,3
30478,0
31975,3
6513,3
82534,0
41420,0
43095,0
20362,0
42236,0
46368,0
76191,0
98821,0
21297,0
61070,0
19818,0
39555,3
22739,2
51195,2
70666,0
39874,2
14465,0
27286,0
77931,0
94377,0
45509,0
92595,0
81462,0
22921,0
76045,0
94153,0
14236,0
65181,0
63400,2
48572,3
51251,0
51895,2
17835,0
26580,0
10613,2
65900,1
36200,0
16545,0
303,0
60171,0
24047,1
12745,0
71003,0
49257,0
41932,0
20183,2
23535,1
84665,0
44831,0
20898,1
91672,0
47395,0
59753,0
74483,0
26224,1
82063,0
88877,0
89639,0
61401,0
27589,1
76578,0
86251,0
64023,1
15408,0
54860,0
40058,0
35797,2
40507,0
15801,0
69464,0
10958,0
51940,0
46656,3
16930,3
61937,0
81839,0
75214,2
23106,0
29659,0
53690,0
83676,0
19591,0
7459,0
92416,0
61170,0
23087,0
46732,2
85292,0
57334,0
7869,2
81838,0
68580,0
53753,1
45772,3
14900,0
82278,0
1220,0
62439,0
44442,0
52761,0
63970,0
44433,0
70140,0
39015,0
99015,0
24566,0
46430,0
35141,0
37112,2
79142,2
40442,3
25140,0
57342,0
8514,0
29755,0
88821,2
96969,1
44133,0
36350,0
71682,3
21223,0
90687,0
90251,1
53349,3
41210,2
7449,1
67599,0
34118,0
46687,0
27491,1
16146,0
32022,1
24555,1
95812,0
77789,0
55350,0
88789,1
74589,0
44946,0
70667,0
56792,0
47818,0
86714,1
74852,0
71350,0
14191,0
25184,0
11988,0
8103,1
49263,0
6438,0
67016,1
73836,0
36893,2
78878,0
68300,0
82437,2
53086,0
60470,1
83010,3
72709,0
50538,0
61896,0
54263,0
54938,2
47813,1
12349,0
52394,1
5952,0
93000,0
93681,0
52151,0
81124,3
99372,3
87710,0
74496,0
4157,2
90853,3
79004,2
90571,0
10482,3
74183,1
52889,1
70826,0
39632,1
70075,0
22145,0
2039,1
83198,0
74449,0
37446,0
33044,0
86319,0
4947,0
13730,0
10650,3
49458,1
59013,0
24818,0
89538,0
65292,2
25465,0
6072,0
91559,1
85188,2
66681,0
64923,0
75114,0
78288,1
76814,0
10194,1
7644,0
52298,3
77820,3
65380,0
35413,2
6645,1
92783,0
46069,0
14810,3
51489,2
15256,3
45401,0
41135,0
81434,2
18155,0
85452,0
87004,0
98194,2
75082,3
17591,0
74424,0
1864,3
14290,3
95274,0
66495,0
53896,1
65796,0
71587,2
93028,2
72165,0
97221,0
4837,0
69625,0
24630,0
87061,0
13781,0
21924,3
26505,0
21378,1
66844,1
56730,1
98934,1
6516,0
98083,1
18217,0
89024,0
41950,3
18125,0
65507,0
14415,0
1377,0
42025,0
88932,3
13823,0
35810,0
11121,0
94828,0
17351,1
56248,3
54153,1
41161,0
22548,3
14175,1
76605,1
60913,0
17407,3
46367,0
22620,0
40695,3
71461,0
77371,0
95412,2
26214,0
120,0
78753,0
84182,0
8361,0
31548,0
59537,0
25852,0
83677,0
40004,0
11008,3
26461,0
41933,3
82859,0
71466,0
86887,3
66506,0
66980,3
93771,0
55395,0
81832,0
28296,0
50374,0
52114,3
79592,2
93575,2
11589,0
41022,0
10195,0
14052,2
60864,0
91724,0
79511,0
87130,1
11613,1
27540,1
41922,0
61288,2
70761,0
186,0
38252,1
79811,0
39932,1
72490,1
70555,0
37275,0
87250,0
47785,1
71273,1
29664,1
4626,0
10821,3
24231,1
65219,1
62672,1
41823,0
67262,0
25624,2
24167,3
56706,0
28058,0
48440,2
90839,0
53053,1
9243,0
43895,2
68032,0
51422,0
99361,0
57628,3
53715,0
81712,0
36438,0
8203,0
83398,0
97842,0
75518,0
6556,2
51157,0
76313,0
6860,0
35993,0
90688,0
77082,0
62135,0
86066,0
8278,0
73720,2
42030,0
52826,0
41123,1
57697,0
13971,0
80400,0
77172,0
30114,2
33635,2
96727,3
43591,1
29538,3
29833,0
95267,0
69918,0
70409,0
45950,2
35724,0
37330,0
13674,2
31109,0
26835,0
89146,1
56251,0
74278,0
28483,0
4684,0
2948,0
60315,3
81510,0
89493,0
65103,0
1728,2
11148,0
72105,0
31214,0
92311,0
19685,0
4375,0
29093,0
84852,0
21739,0
85545,1
24478,3
1782,1
7406,3
84587,1
43978,0
55630,0
10396,0
23644,0
34174,3
7019,0
97680,0
88518,3
23331,0
60217,0
71849,0
62628,0
59328,1
17069,0
31244,3
1171,0
87189,1
94265,0
33081,0
27482,1
25688,0
75362,1
13989,0
63037,0
20395,1
4726,1
92382,0
87238,0
31666,1
13446,0
41879,0
29191,3
63168,0
95000,0
23360,0
72143,0
57346,0
42988,0
64062,0
44260,0
91342,2
3491,0
17268,0
42767,1
21607,0
75548,0
47973,0
12769,1
55740,0
14473,1
33119,1
57199,2
60169,0
62055,0
31916,0
2052,0
44218,0
95232,2
26772,0
24897,1
79343,0
8146,1
39961,0
23840,0
16510,2
36495,0
43093,0
23336,3
85300,2
33602,0
13119,0
78857,0
26527,0
75131,0
40159,0
63548,2
66902,0
18397,0
82593,0
73058,2
32818,2
21870,0
79463,0
20723,1
69146,0
56092,2
94498,3
92798,1
21275,0
78157,0
91349,1
72228,0
81564,0
44864,1
36632,1
37414,0
3199,0
14463,0
5702,0
35714,0
18683,1
99951,0
58145,0
68562,3
61508,0
16273,0
97864,2
47003,0
46964,1
74489,0
75001,1
63990,0
45784,3
80758,1
71692,0
66121,1
63642,0
38697,0
473,0
94648,0
8618,3
13835,0
25708,0
44662,2
30240,0
72521,3
95201,0
54835,0
67221,0
13250,0
25981,0
18320,0
68658,0
66079,0
79462,0
17756,0
38822,0
50449,3
73821,0
32019,0
96157,0
45779,1
68329,0
31324,2
40568,0
38453,1
75374,1
91049,0
54607,0
92797,1
70478,3
34274,0
62650,0
97196,1
71371,0
49033,0
68272,2
18421,1
53090,2
39528,3
37165,0
74448,2
92107,1
25219,0
21711,3
90623,0
60677,1
57268,0
36038,0
9428,0
70042,0
98373,0
60197,0
13449,2
89458,1
65166,0
80158,2
70176,0
79164,0
47377,0
65613,0
93020,1
70967,0
30821,1
74388,0
49978,2
68717,1
77841,2
20068,0
19477,0
70652,0
14951,0
92746,2
83571,0
3570,1
17147,0
85297,2
89971,2
51104,2
87968,0
90322,3
97802,0
58914,0
44165,0
29021,0
74115,0
56728,2
74390,1
33808,1
87497,1
34639,0
65201,0
82397,0
6969,3
12852,2
69895,2
98155,0
38006,0
19219,0
41647,1
47284,3
91477,2
7654,0
56774,1
29135,2
58034,0
42389,0
94382,0
41398,2
83116,0
37702,1
56654,0
73962,0
68793,0
62937,0
36171,3
24690,0
33112,0
45315,0
24223,1
31935,1
31272,1
13623,2
51990,1
85833,0
8346,1
69060,0
50957,0
60779,1
57461,3
90238,0
68521,1
59345,3
87728,3
49585,1
34846,3
56472,3
35115,3
46400,0
70055,3
255,2
4176,0
24501,0
68576,0
33908,1
98018,0
29293,1
73456,0
6363,0
54917,0
54716,0
11734,1
976,0
40402,1
88065,0
52341,1
44720,0
35364,0
52660,0
15321,0
39187,0
33915,1
86412,0
34539,0
48304,0
2739,3
606,0
64685,0
62103,1
55035,0
53548,2
64443,1
84613,1
76215,0
59105,0
28501,2
53009,3
53890,0
506,0
65439,1
33389,0
45683,0
65646,0
23699,0
86796,0
14914,0
67365,0
3669,0
7926,3
77605,0
48582,0
65414,0
18284,0
60993,2
58799,0
14301,3
45377,2
72946,3
947,1
63251,3
61658,0
70779,1
85913,0
98735,2
93944,1
4177,0
98453,2
56963,0
63467,1
9410,0
37011,2
59904,1
60798,1
94077,0
24753,0
21464,0
58171,1
21514,0
36035,0
72430,3
79261,0
7904,0
12384,0
54313,0
67409,0
92240,0
73170,2
34120,0
12585,0
8949,0
79039,0
45688,2
16232,3
41937,3
30859,0
75837,0
47278,0
84490,2
11230,0
72822,0
11060,3
19529,0
6827,0
11944,0
35238,0
7777,0
59544,2
62813,1
2341,2
27828,1
50435,0
44367,0
8460,0
16484,0
5476,1
65161,2
24226,2
72804,0
9935,3
85405,0
88996,0
89041,0
11820,0
19116,0
60131,0
30719,0
90435,3
54032,0
73996,0
51352,3
34327,1
66290,0
92243,3
90931,3
61704,0
84122,0
69138,0
49879,0
24174,0
25082,1
14157,0
15636,0
82635,0
20621,0
28952,3
57820,2
72489,2
6133,1
16645,0
93894,0
57653,0
49956,1
70868,1
74156,1
46550,2
48361,0
98007,0
64718,0
63777,0
43925,0
73492,0
31132,0
99406,3
80127,1
92534,0
42495,3
3076,2
7810,0
19948,0
8983,0
47220,2
21437,1
31904,2
14002,0
6125,0
87928,3
40662,0
71077,3
59023,0
13479,2
93735,1
96183,0
97548,0
30402,0
72670,0
28506,3
42798,0
47914,0
4994,2
35660,1
56377,0
93104,3
95284,1
96707,1
29736,1
82739,1
80159,3
47576,3
27768,0
39579,2
4800,1
47258,0
13539,0
39229,2
16389,0
5911,0
56081,0
88985,0
72351,1
68762,1
13899,0
88170,2
8089,0
66119,0
83484,0
49255,0
65702,0
76233,0
39631,0
65228,0
24310,0
44316,2
3594,0
22285,0
60997,3
59885,0
87296,2
58117,0
48502,0
93614,0
49095,0
70336,0
11933,0
59558,0
80186,2
2477,0
98877,0
16606,0
76329,0
33413,1
62862,1
39839,0
54873,0
24184,1
52769,3
47337,0
6555,0
70509,0
40151,0
52098,0
31615,0
12831,0
84372,0
51761,0
2421,2
75287,0
84422,0
47265,1
76543,0
74462,1
67872,0
5678,0
14680,3
43038,2
39003,0
42189,1
30290,2
97333,3
83490,0
3258,0
29059,0
63404,1
53242,0
8501,2
29045,0
66467,0
76586,0
2230,0
50645,2
35833,0
1254,0
69683,2
71582,0
51441,1
68226,0
12196,0
78020,0
26655,1
18746,0
33069,0
31784,0
9641,2
94912,1
29070,0
23186,3
8191,2
58683,1
48733,0
81539,1
24781,0
99210,0
96242,0
61890,2
21925,1
46737,0
77662,1
47969,0
32890,0
88465,3
13298,0
97210,0
85842,1
53585,1
97450,0
27453,0
15047,0
32896,0
27844,0
29805,0
3762,1
78105,1
33286,1
42058,0
55239,1
10866,1
16425,0
38666,0
22397,0
27030,0
30912,0
68595,2
30223,1
13293,1
48203,0
73723,1
86850,2
15679,2
3242,3
82661,0
15463,0
2346,0
18865,0
47394,0
44407,1
35343,3
29208,0
51256,0
58665,0
20557,0
33945,1
5320,0
99055,2
5464,0
15720,0
35657,0
43322,0
82785,0
99619,0
84067,0
60275,0
20763,0
52978,0
87908,0
57362,0
97558,0
24129,0
15152,0
15005,0
69723,1
36583,0
59338,0
57971,0
4623,2
56156,2
4955,2
80283,0
40389,0
48856,0
2328,0
83178,0
48030,0
97620,2
85102,0
71871,2
45987,0
52979,0
15166,0
41653,0
10344,0
28319,1
45629,0
99943,3
5427,0
8214,1
2002,2
93290,0
25102,0
82025,0
31944,0
89543,0
46132,0
88196,0
42555,3
29705,0
59990,1
74833,3
68099,2
33089,0
49565,1
28176,0
39754,0
63363,0
19295,0
33552,2
16789,0
5553,0
84973,1
11969,0
85373,0
79522,0
83386,0
6084,0
81011,0
68802,0
15122,0
26573,0
77116,0
40617,0
47780,0
95092,1
75699,2
92350,0
45516,2
93657,0
93365,0
76304,0
93752,2
35009,0
46234,2
74039,0
53192,1
1716,0
67856,0
26666,0
89387,1
93343,2
40342,2
37324,3
89909,1
35379,3
88178,0
41562,0
63367,0
57197,1
93678,0
98673,0
39453,2
35188,0
23777,2
56843,0
45144,2
54161,0
702,0
4573,0
13980,0
45008,0
86441,3
35817,0
72865,1
20323,0
99062,1
82606,0
86819,0
91666,0
44956,0
65961,1
19822,1
68621,0
77215,0
72660,0
82816,1
67448,0
7285,1
71400,0
13684,0
51452,0
98098,1
26052,0
32865,1
17063,2
5194,0
99824,0
33673,0
23877,0
39062,0
46652,0
18736,0
15214,0
11755,0
75442,3
68548,0
54891,2
53087,2
14524,0
41231,1
56862,2
20792,2
11117,0
66986,0
92075,1
4064,1
72029,3
69866,0
75765,2
7629,0
2508,1
97275,1
70184,3
38062,3
79478,1
60158,1
29757,3
67506,1
48357,0
13266,0
29525,0
32195,0
49159,1
51607,3
33105,1
37351,0
60650,1
8728,0
82413,0
98435,0
4739,3
29670,0
14848,0
31674,1
47658,0
73042,0
66574,0
36957,0
92401,0
28885,0
67567,1
88487,0
26929,0
49829,0
40090,0
40313,0
47875,0
12264,1
25289,0
22430,0
65265,0
50291,1
57480,0
4055,3
28859,0
42828,0
37895,0
37617,0
9082,0
70410,3
755,0
25380,1
21786,1
19275,0
74759,3
77675,0
77273,0
52770,1
69936,0
61859,2
84547,0
21954,0
63683,1
83128,0
87392,3
50639,1
89711,0
84630,1
37932,0
87279,0
28566,1
59397,0
7099,0
25509,0
18710,0
19486,2
29504,0
52301,0
83374,0
22936,1
98634,0
19221,0
25595,1
26324,0
59095,0
19436,0
86036,0
70775,2
78399,0
90879,0
80681,1
83892,0
57044,1
61930,0
80315,0
33731,1
6183,0
47011,0
30242,1
86294,0
93206,3
19369,2
12959,0
2061,0
45211,0
15676,0
37730,3
2970,0
1086,3
95369,0
19159,1
53943,0
57271,0
60269,0
27031,0
36117,2
4009,0
85732,0
69154,0
2638,0
36456,0
88466,0
48360,0
89723,0
27150,0
48564,0
5939,0
73389,1
30713,0
2422,1
65024,0
10767,0
2579,2
45494,0
71720,0
98386,0
36083,3
7135,0
14747,0
49450,0
27087,3
18435,1
81436,0
15892,0
2721,0
76306,0
95813,0
49512,0
37722,0
24746,0
63068,0
17445,0
32291,0
96992,0
88344,0
83359,0
70246,0
39603,0
14490,1
48489,0
95108,0
9010,0
76118,3
80988,2
6166,0
67720,1
30074,3
76722,0
90270,0
36658,0
95198,3
26190,0
96629,0
47114,0
10115,1
4720,0
64206,0
4332,0
43746,0
77712,0
94414,2
39542,0
51796,0
55647,0
77890,2
73010,0
77241,0
26452,0
5929,2
16083,0
58804,0
38180,0
76261,3
23484,0
42792,0
10212,0
66462,0
35425,3
67978,0
90199,0
48932,0
71451,3
8245,1
27484,0
19671,1
68495,1
14326,3
64482,0
79181,2
24642,0
65502,1
63776,0
46774,0
34355,0
29002,3
8008,2
84072,2
23364,3
26133,0
23534,0
44871,0
57581,0
48433,0
34939,1
11730,0
8249,0
98402,1
44677,1
78768,0
69968,1
24918,0
53130,1
61484,0
55254,0
99256,0
95366,1
72618,0
54868,0
63796,0
4897,0
66546,2
2989,0
42447,0
57850,0
50120,1
93988,0
69430,1
56851,0
99329,1
35061,0
89577,0
83882,0
24123,0
53411,2
48569,1
79467,0
89763,0
34825,1
48068,3
814,0
5393,3
32529,0
45487,2
88970,2
32468,0
36773,0
15505,0
66266,0
20707,2
92909,0
21207,1
30975,0
88606,1
77567,0
93139,3
39647,0
20034,0
72144,0
43550,0
35420,0
24741,0
8978,0
88280,0
39668,0
9026,1
64501,0
34128,0
63284,2
57584,0
47923,0
88154,2
12098,0
16616,2
9985,0
34929,0
67152,2
36561,0
46055,0
41370,0
57511,0
11750,0
82492,0
81617,1
8490,2
17137,0
2182,1
23919,0
75021,1
19931,0
89657,0
89696,0
137,1
29154,1
96599,0
20413,0
3975,3
29914,0
42730,0
41440,0
37829,0
62598,0
21756,0
49563,0
20322,0
1988,0
53350,0
47932,3
49981,2
18788,0
30797,1
63664,1
32500,0
44680,3
68209,0
1965,0
14016,1
21700,1
3879,2
24957,0
12581,0
82134,0
9899,0
97403,0
20573,2
50380,2
93348,0
31049,1
88852,3
15437,0
8347,0
98541,0
87119,3
17871,3
51317,0
94314,0
62685,0
34178,3
87246,0
77955,0
29064,3
71593,3
76222,2
16449,0
9072,0
75090,0
63985,0
50198,0
83651,0
92381,0
49556,0
25381,0
10271,0
78643,2
29711,3
53710,0
8369,0
15902,0
34402,0
95950,3
52043,0
19718,0
96282,0
49360,1
61336,3
97050,1
78820,0
45889,0
86293,1
55124,0
88106,0
49437,0
20705,0
30540,2
98120,0
20035,0
41919,1
46264,0
76206,0
1520,0
27101,0
81705,0
90772,0
45874,1
11681,0
71208,0
24057,0
34584,0
62721,2
88208,0
14139,2
79058,2
35598,0
89420,0
94371,1
58389,3
23158,0
41303,0
80312,1
73201,3
81286,0
71151,2
8849,0
93119,1
56254,2
92276,0
98739,0
91014,2
30716,2
80237,0
62658,2
65894,0
4039,3
82255,1
60186,0
5958,1
11089,1
54432,1
36961,0
64454,2
25065,0
35913,0
99105,0
20865,0
36940,0
56829,2
83114,0
73461,1
13515,3
5864,1
29535,0
77159,1
26770,0
12558,0
96026,0
64866,0
52449,0
18055,1
87771,2
79304,0
87588,0
98625,0
73306,0
57065,0
83900,1
74162,0
95427,0
93940,0
10220,0
88800,0
74730,0
85818,0
30152,2
5063,0
18381,0
24379,1
93537,1
34196,0
45797,0
84334,0
13234,0
95708,0
20665,3
61975,0
3850,3
27006,0
18748,1
59195,0
41862,0
65458,2
21844,0
33687,0
33316,0
45068,0
22978,2
54044,0
65240,0
85264,1
22423,0
13355,0
98838,0
73215,0
3784,0
62969,2
35646,3
47933,2
97560,0
69850,0
97038,0
30489,3
97781,1
65360,0
35605,0
2008,0
17778,1
33962,1
20988,3
32377,0
75227,0
5920,2
29148,0
40431,0
55516,0
89633,1
25195,1
80253,0
4014,0
21713,0
77615,0
93859,0
38619,0
24921,2
99847,0
31599,2
67389,0
43929,0
79605,0
3656,0
81855,0
8048,0
33747,0
98578,0
79932,2
6642,0
41198,0
85603,0
22944,0
80927,3
85255,0
92171,0
50728,0
13953,0
55376,2
35481,3
69051,0
41918,0
89931,3
82141,1
31549,0
26784,0
59412,3
25519,1
97440,0
95819,1
2110,0
34142,0
75261,0
75457,0
96709,1
47684,0
99096,0
57761,0
56863,0
66775,1
33984,0
94527,0
16205,0
46787,1
33545,0
96872,1
7489,0
24005,0
79564,0
33516,0
27881,0
8493,0
18860,0
31778,0
13043,0
78994,1
82178,0
34363,0
25553,0
48931,0
69145,0
38731,1
12378,1
66299,0
83499,0
97021,2
24991,1
70062,0
64928,1
11921,0
58451,0
59760,1
39111,2
12184,0
43391,0
57226,3
47280,0
4270,2
49847,0
29702,0
37439,2
24885,2
1967,1
74741,1
88699,3
43331,0
50594,1
49669,0
39360,0
1313,2
25642,0
73120,0
812,0
22840,0
75281,0
25396,0
82464,2
53265,3
24506,0
71800,1
27809,1
88480,0
8633,2
12399,0
69156,0
79927,2
24884,0
43861,2
8341,0
30706,0
5197,1
60634,0
73760,0
66496,0
63294,0
72971,1
6731,2
79697,3
64811,0
97101,2
12609,0
78510,0
89997,0
55497,0
11252,0
61389,0
12835,0
36791,0
51677,1
19843,0
59960,1
8984,0
85311,1
8246,0
36395,0
18877,0
92219,0
95318,0
75874,2
26264,0
50404,0
69569,0
33409,0
96873,1
30494,0
8003,3
95535,0
3212,0
64836,1
29196,0
51356,0
30537,0
47758,0
11842,0
15208,0
5265,0
53701,1
83186,0
16457,1
54780,0
96143,0
53063,0
18753,2
76544,0
81188,1
45634,0
73334,1
52393,0
92376,1
7882,0
58351,0
25682,0
11309,0
14475,3
55852,0
61659,0
77783,0
77164,1
88231,0
12928,0
70347,0
99138,0
14665,3
95326,0
44040,0
53894,2
3950,0
38068,0
88532,0
80373,0
2528,0
68364,3
9623,0
4112,3
75305,0
61396,0
48679,0
83157,1
20162,0
58110,0
91539,1
52083,1
21474,1
78736,0
21654,0
13987,3
86409,2
22893,0
78206,0
51188,0
2387,0
4198,0
22945,0
10676,1
48977,2
95902,1
21568,0
31793,0
48728,2
44463,0
11284,1
27129,0
84580,0
3823,0
97530,0
59896,1
28111,1
26928,0
65177,1
59190,0
27563,1
61806,0
34775,0
77782,3
11808,0
95047,0
49839,0
7075,0
8604,0
51821,0
7993,0
55840,0
63907,0
78310,2
46405,0
31961,3
5737,0
41399,3
99022,0
45280,0
63720,3
53973,1
25447,0
42170,1
11740,3
67947,0
73043,2
96584,0
99954,3
53291,0
7461,1
93729,0
96645,0
47103,0
45124,0
76345,3
60567,0
52254,0
28387,0
20760,0
89431,0
98047,0
24706,1
31493,2
78010,0
99185,0
64335,1
36634,2
37116,1
89600,0
81913,0
86717,0
25159,3
57338,2
7391,0
92001,1
67591,1
56815,0
87663,0
55368,1
50326,3
92424,2
97208,0
67123,0
44187,0
97740,0
52719,0
20404,0
93331,0
48568,1
69063,0
18442,2
91207,2
40164,0
72172,0
57131,0
27264,0
12085,0
86681,0
33098,0
69580,0
13617,0
8809,2
64955,0
46581,0
11330,0
92602,0
6818,0
40540,3
19539,0
12126,0
52413,0
85440,0
71346,1
57580,3
91365,0
2734,0
9945,0
85570,0
69434,0
81782,1
24247,0
83286,0
19112,0
37848,0
90602,0
10959,0
91106,0
31047,0
21288,0
28665,1
73588,0
45371,1
45744,0
83799,0
25870,0
62476,0
96327,0
9672,3
70367,0
35321,1
42541,0
94982,0
10993,0
9009,3
80569,0
45842,3
51608,2
14202,0
72632,1
35212,0
98882,1
9194,0
65673,0
44146,0
39086,0
55069,0
93029,2
26189,1
49853,0
89752,0
54631,0
46015,1
41410,0
20659,1
47329,2
8271,0
31518,3
1634,0
17004,0
28527,0
23325,0
22163,0
46495,1
42442,1
99357,0
60360,1
85120,2
1472,0
15565,0
99588,0
87468,3
30965,0
53052,2
30297,0
71631,2
40762,0
66181,0
33902,1
99474,0
60869,2
44310,3
74153,0
22408,0
77377,0
96181,0
13133,1
91945,0
69730,1
96240,0
50158,1
48154,0
16599,1
14021,0
79358,0
71801,0
37970,0
54037,0
31273,2
10463,3
16699,0
57464,0
84301,3
32077,0
99417,0
16688,0
23410,0
45186,0
37023,0
34110,3
75667,3
12964,0
90655,3
63082,0
70143,0
41747,0
65065,1
63886,2
808,2
48632,1
77814,0
17615,0
80486,0
9886,0
43376,0
16042,1
38612,0
89915,1
68765,0
64586,0
50276,2
99928,2
98243,0
94556,0
13223,0
15614,0
41011,3
27702,2
5983,0
79321,0
80433,0
23751,2
53499,1
82915,0
24396,0
99412,1
70764,0
8226,1
47199,0
75599,3
43730,0
3426,0
46281,2
84646,0
70806,0
50952,0
12862,2
99449,0
579,1
2,0
52310,1
35223,0
5758,0
56676,1
1112,0
47260,0
66237,2
62002,0
70842,0
73480,0
92771,0
28936,2
93416,0
59861,1
75738,0
23565,0
69700,0
41498,2
63413,0
74847,0
57353,0
63656,0
48534,3
89949,2
71570,0
80737,2
18509,2
69614,3
76134,2
29299,0
97495,1
5168,0
45063,0
60443,0
63218,0
11532,3
22463,0
95656,0
36493,0
3022,0
1383,0
28736,1
84345,1
13206,1
40315,0
6765,0
24386,0
5196,0
39995,0
67006,0
27810,0
63188,0
81075,0
75587,0
39744,0
27813,1
45574,1
90262,0
12850,2
80973,1
94081,0
72115,0
99549,3
80653,1
94355,0
79034,0
31307,0
50127,2
50370,0
44935,0
783,0
61093,0
33789,0
11319,0
10504,0
44000,0
42768,0
37332,0
42328,0
51744,2
8466,0
44410,1
56317,1
97774,0
49039,0
91163,3
36668,0
84789,1
99706,0
2709,0
63639,1
72328,1
38901,0
7536,0
4480,0
53776,0
2797,0
80586,0
93767,3
28258,0
49996,0
4819,0
25957,0
37971,0
90194,1
76176,1
58554,3
3447,0
686,0
9600,2
74250,0
72135,0
23083,0
53261,0
95725,0
62920,3
72770,0
56760,0
89643,0
17626,1
60411,0
80643,0
31672,0
84053,1
31754,3
19127,0
34470,0
91896,3
68896,0
36489,0
20369,2
8350,2
7196,0
14013,0
65027,0
14798,0
80212,0
66535,0
12718,0
10409,0
44939,1
75659,0
29716,1
93434,0
99219,0
97997,0
7546,0
55031,0
86496,0
6287,1
26688,0
39793,0
75360,0
41033,2
95321,3
13771,0
63324,0
72565,0
49633,0
28456,0
68672,0
45263,0
51223,0
64423,0
96360,3
41430,0
22185,0
93399,0
75428,0
80838,1
92901,0
33056,0
93363,0
88558,3
94650,0
73940,0
70544,0
2446,0
92280,3
4597,1
26587,0
35350,1
68480,0
45054,0
13790,0
75467,0
93511,0
54201,0
81888,3
97917,0
9738,0
62400,0
98430,3
75162,0
51558,3
68348,0
12741,1
63085,0
88375,0
72903,0
42569,0
27834,2
43342,1
31512,0
13936,2
65046,2
1242,0
41566,1
9472,0
16553,0
96831,1
43687,0
55432,0
12669,0
94458,0
54834,0
24195,0
54136,0
1977,0
7312,0
84012,0
61029,0
4645,1
52452,2
7199,0
24603,0
42185,0
82931,0
99367,0
71228,2
16980,0
97084,0
86115,3
26715,0
86590,2
81102,0
62799,1
27890,1
84903,1
24155,1
76881,1
54224,0
25877,2
75795,0
98672,0
38788,3
83804,0
88377,0
985,0
47030,3
95606,0
95622,1
68218,2
77256,0
78704,0
16504,0
19573,1
80717,1
81562,0
40714,0
43406,0
5270,1
867,0
32601,1
54523,3
12840,0
45201,0
39050,0
57368,3
88633,2
30272,0
1122,0
36327,0
73992,0
83480,3
67585,3
70114,0
90526,0
77218,3
80551,0
5782,0
24515,0
23896,2
41526,0
15850,3
85248,0
96010,0
11930,0
25731,1
55816,0
84872,2
6337,0
15433,0
49103,0
72380,0
59315,0
52395,1
26653,0
16310,0
97919,0
37801,0
4756,0
21244,3
80747,0
60152,3
6708,0
77424,2
59373,0
67865,2
21583,2
62264,2
65137,1
36814,0
25571,0
18233,3
37758,0
76637,2
15528,0
63901,0
60622,1
22093,3
85045,0
25885,0
5608,0
72437,0
87266,2
86001,0
44350,2
71102,0
81364,1
1214,2
1093,0
40738,1
75633,0
1628,0
24602,2
94684,0
49318,2
25734,0
99632,0
94737,3
46207,0
95565,2
34499,0
73664,0
44012,0
1001,0
87839,2
20014,0
59056,0
99339,1
95313,0
30901,2
14944,0
47703,0
1900,1
15738,1
48739,1
63304,0
6547,0
67227,0
16001,0
56176,0
73811,0
43279,0
31134,0
98607,0
87543,0
81050,0
57269,2
90105,2
23965,1
1942,0
11476,0
49541,0
40601,0
99990,0
20562,0
23034,0
12756,1
267,0
27984,2
70881,1
95560,1
12661,3
57926,0
24974,0
36269,1
29522,0
95986,0
65972,2
88595,0
24029,0
66767,3
30282,0
53345,0
39393,0
54232,0
94646,0
38218,3
63532,0
36272,0
45409,1
80070,0
46863,1
76854,1
66823,0
28280,2
44100,0
84726,0
21956,0
27303,0
1594,0
96032,3
92446,0
74376,0
46651,3
7693,1
5770,0
33308,0
86569,0
45587,3
40301,1
90375,2
65442,1
36959,0
67335,0
81646,2
9319,0
83740,1
65130,0
52980,0
92174,2
19183,0
60930,3
95885,0
47186,3
86199,2
28081,1
32395,0
40493,1
74138,0
52347,0
12358,0
30909,2
76189,1
63948,0
35996,1
87067,2
64308,3
47799,2
9122,0
63523,1
99625,0
61518,1
63157,0
92408,0
92377,1
98973,0
28564,3
3063,0
93051,2
96358,1
98189,0
75439,2
18505,0
69150,0
86114,0
60176,0
44918,2
49057,0
61437,0
11079,0
88237,1
89504,1
1031,0
89037,1
10608,0
93649,0
69170,0
78512,0
58764,0
70914,0
35016,1
87324,2
74878,3
25243,1
95926,0
72090,0
3295,0
72977,0
1252,3
13911,0
85038,0
66193,0
37105,1
80206,0
86029,1
24049,2
24114,2
24899,1
99325,1
79089,0
81098,0
78931,0
90989,1
69637,0
90246,0
52321,1
63414,0
50561,0
76365,3
82473,0
64519,3
66389,0
65594,0
53165,0
72742,0
21537,0
36497,0
28444,0
5956,0
26363,3
73188,1
36880,1
32959,0
5002,0
90790,0
48653,0
56864,1
25017,0
28053,2
41200,0
77682,0
18471,2
62490,3
42573,0
8345,1
21982,3
69631,0
89450,0
94347,0
86413,0
34354,2
78719,0
78859,0
8134,0
64074,1
57582,2
95028,1
12606,0
98040,0
56211,0
39913,3
61462,0
84660,0
36802,0
92164,0
41641,0
73815,1
40072,0
36525,0
99569,1
76576,0
49386,0
81088,2
28364,0
89419,2
26506,2
50118,0
19990,0
69734,0
20706,0
92461,1
44633,3
75062,0
36285,2
50749,0
19276,1
26378,0
88463,0
27283,0
42461,0
31447,0
90372,0
9240,0
72699,0
93257,3
46260,0
71265,1
71020,0
98506,1
20936,0
90222,0
73147,0
84170,1
60225,0
97782,0
91742,3
76782,1
9756,0
11167,1
41312,0
47328,0
89911,0
38238,0
16663,0
18530,0
63919,0
16041,0
64598,0
36942,0
67195,3
52546,2
35395,3
95995,0
19524,0
78088,0
80962,1
96404,0
31489,0
4427,3
53565,1
24539,2
29881,0
87527,2
76713,2
73088,0
6916,0
99938,0
60445,0
4032,0
57349,0
15452,1
74220,2
21400,0
31232,0
97389,1
31507,0
4697,0
203,2
55345,0
21312,0
6592,0
9273,1
41358,0
84086,0
91621,0
80296,1
79684,0
57111,0
4545,0
26678,1
94673,0
45456,0
96713,0
82783,0
63661,0
9465,0
40258,1
42624,0
54483,0
42562,1
28145,0
73154,0
14217,0
72054,0
86617,0
52369,0
48992,0
17940,0
95968,2
24775,1
1526,1
5399,0
64013,0
83668,2
52706,0
34851,0
79158,1
31379,0
47282,0
69495,2
11749,0
24881,0
31815,0
12423,0
85916,3
40295,0
61261,0
21416,0
67232,0
53781,2
67711,0
81978,0
92248,1
69015,2
71388,1
24585,0
8738,0
5477,0
32506,0
92154,1
24623,1
76336,0
35043,0
21517,0
70834,0
71585,0
37090,3
87787,0
67566,2
20242,0
81869,0
34291,2
27535,1
1552,0
16305,0
17050,2
41860,1
4843,1
42430,1
87525,0
68459,2
92631,0
30989,0
26287,0
19952,2
50328,0
81739,1
44999,0
81389,3
21848,0
30728,0
26807,2
37326,0
59751,2
67284,1
43354,0
45086,0
37262,0
52431,0
42382,0
26434,0
34887,1
55123,0
90775,2
2351,0
13153,1
41405,2
38820,1
35409,0
41501,0
68682,0
97412,2
13398,3
33200,0
19827,2
31893,0
56834,1
10452,3
71828,0
18747,0
75209,0
70021,0
39531,0
89770,1
44252,0
27486,2
77638,0
70133,0
58996,0
24601,0
60528,1
77048,0
46451,0
68619,0
33854,2
71401,0
58965,0
4535,3
85302,0
84394,3
68074,0
27505,0
39342,0
33100,0
83471,2
29776,1
19614,1
27805,0
28342,0
48445,2
53440,0
11515,0
6162,0
46905,2
5792,2
31782,0
8339,0
34663,0
16030,1
36154,1
58843,3
54982,1
31141,2
81080,0
57938,0
14514,0
89411,0
37669,0
77957,0
58415,1
64822,0
10528,1
41084,0
1298,0
62626,3
68872,0
83815,1
44160,0
63254,0
2947,1
51259,0
34703,0
17736,0
11908,2
361,0
89789,0
39436,0
76993,1
11301,0
39915,3
8129,0
22254,0
81771,0
12216,1
47254,0
78819,3
46457,0
97488,0
7938,0
33748,3
9515,0
39968,0
44884,3
22760,0
60728,2
88390,1
37254,0
83074,2
6496,0
83407,2
66596,0
80031,3
4821,0
21470,2
7042,0
52790,0
25318,0
45692,0
87526,0
93064,2
22313,0
75376,0
2270,1
17179,0
26617,0
94053,1
78844,1
49380,0
32487,0
59940,1
39391,0
67005,0
20477,2
27069,0
73298,3
94623,0
7662,0
61642,0
66917,0
21073,1
91159,2
26058,0
16723,1
16961,1
74574,1
65539,0
2219,0
7242,1
27076,0
99250,0
3817,0
14176,0
4018,1
96019,0
70132,1
90135,0
43301,0
19902,0
99678,0
32568,0
95249,0
47534,1
86404,0
46827,0
98772,1
94238,1
69298,2
20617,0
6470,1
47470,1
24664,0
3490,3
94866,1
76655,0
33876,0
16595,0
5169,0
3004,0
80068,1
18794,0
13739,2
23263,0
97441,0
71553,0
82813,0
21737,0
46823,0
69519,2
71718,0
68122,0
99757,1
40156,3
39098,3
19768,3
97866,0
1484,0
88156,0
87809,0
29431,2
41191,0
55968,2
257,1
70748,0
90759,0
96844,0
7553,0
33776,2
19597,0
82185,0
73200,2
22202,0
12193,1
3411,0
93514,0
83943,0
44601,0
163,1
30849,1
81961,0
16512,3
67171,1
2330,1
77209,0
7027,0
16570,0
83990,0
96923,0
8953,1
35358,0
75546,0
77828,3
8724,0
6602,3
33418,1
53024,0
55902,0
12743,0
85820,0
85425,0
79070,0
85430,0
11529,0
25485,0
84718,0
78598,0
68321,0
38661,0
10869,0
56136,0
87027,0
47316,0
13368,0
7646,0
3616,1
91431,0
41355,0
63225,1
54007,0
42371,1
80266,0
40677,0
54699,0
41554,0
39956,0
59236,0
66313,0
4161,1
80568,2
82807,0
82,1
6056,0
38470,0
25718,0
48264,0
97371,1
6924,0
54556,1
1612,0
28854,2
80302,0
84802,0
28690,3
10149,0
76260,1
46523,0
4124,1
1133,0
52730,0
73689,0
44966,0
93042,0
14466,2
32016,0
48195,0
26472,0
59898,0
35389,0
8997,0
40920,0
88099,1
57780,1
49069,0
84905,1
52804,2
21896,1
22538,0
82177,0
13890,2
17048,0
49420,0
48103,0
61938,2
62276,0
38381,0
33255,0
14690,3
56234,0
10387,1
60769,2
62323,2
36249,2
63265,0
17204,2
70408,0
48222,0
75341,0
82296,0
6713,0
68089,0
52798,0
39924,0
90664,1
15880,0
4592,0
13458,2
21498,0
86830,0
11702,2
37701,1
9906,0
21817,3
60431,0
294,1
96863,0
76932,0
69454,0
40332,1
71299,0
65304,0
20746,0
89315,3
42323,0
54415,0
77515,0
97953,0
58064,0
15821,0
86680,0
19678,3
52039,0
18845,0
52946,0
99451,0
89673,0
10162,3
4421,0
55259,0
52185,0
82167,1
22504,0
45031,0
8606,0
19110,0
81671,0
62296,0
81488,2
93794,0
69924,0
59764,0
31066,2
10094,1
14859,3
71989,3
15322,0
23090,1
79836,0
61853,0
74573,3
68804,0
12108,0
7460,2
25930,2
69316,0
14040,0
69644,1
78732,1
33239,1
47173,0
24447,0
74410,0
57175,3
84215,0
45091,0
95255,3
73863,2
3487,2
11811,0
84225,0
64215,2
31160,3
57991,0
72681,3
72425,1
90482,1
26297,0
70887,0
78091,1
30829,0
79567,0
36,3
23973,0
19901,0
64943,1
21919,1
56931,0
30012,0
30515,0
65366,1
40883,0
58267,0
8626,0
4811,2
46853,1
43238,1
77369,1
52333,0
63518,0
35524,0
2522,3
4413,0
70531,0
17930,0
19113,0
48016,1
40520,2
74866,0
38669,0
5604,0
11317,0
42699,0
6967,0
1713,1
12650,0
37337,1
14533,0
20217,3
49048,0
83118,0
43027,0
70617,3
26260,0
12172,2
54923,0
38247,0
88670,1
51805,0
20367,0
66572,2
3711,0
72447,0
6882,0
99598,0
23251,0
84649,0
17117,0
57859,0
51349,0
75620,0
63193,0
15588,0
10901,0
10779,2
74695,0
91022,1
79246,2
45578,2
45438,0
50653,0
32973,1
87047,3
63450,0
55743,0
81596,0
75278,1
2684,0
28889,0
70402,0
64592,2
80957,0
22519,0
62647,1
21007,1
98068,0
3247,0
68044,0
38140,3
11723,2
12945,0
12525,1
77466,1
59092,3
61397,1
71892,0
63435,0
48299,1
79503,2
17644,1
27883,1
85594,1
86971,0
30170,1
50253,0
91319,0
23076,1
92380,0
65266,0
40560,0
28401,0
28249,1
23908,0
6522,0
17902,2
85309,0
24580,0
24568,0
60148,0
79091,2
66131,0
78006,3
98259,0
42622,3
42542,0
38611,1
80025,0
78400,0
18694,1
81409,0
74535,0
32714,0
39411,0
5231,0
18879,0
56633,2
51952,0
9591,0
48395,1
28021,0
55701,1
19401,0
68728,0
96130,2
34761,0
68295,0
54388,1
43575,2
18387,2
14766,0
41262,0
57802,1
80451,0
56735,0
34082,0
53801,0
13609,0
79949,0
63125,0
71059,2
65618,2
57914,0
30745,0
74540,0
20866,3
48282,1
87347,0
91801,0
22110,1
21645,1
88770,0
55230,2
54006,0
75677,0
93239,2
7453,0
55342,2
26709,0
74876,0
57744,0
77906,0
4993,0
70483,0
63160,0
4936,0
31398,1
69315,0
8614,0
42459,0
12793,2
83582,3
68572,0
85663,0
39486,1
76143,0
87510,0
89784,3
22668,3
94334,0
18985,0
66912,3
89176,2
25820,2
98551,1
29202,2
33129,0
82223,0
60884,0
38446,0
82062,2
43107,2
50919,3
24799,0
35841,1
82751,0
38522,1
17814,0
93395,3
10694,0
74199,1
81791,1
25951,0
69498,0
71148,0
18395,0
80754,0
34045,0
46342,0
24179,0
44268,0
57741,0
4559,1
36275,1
36973,1
32301,1
80519,1
50247,3
78876,0
35689,0
65558,0
4775,0
98975,0
2917,0
96215,1
312,0
10440,2
65173,0
7137,0
87264,2
36897,0
35909,0
60432,0
91463,0
27621,0
28850,0
59974,1
62327,0
25618,0
89163,0
37687,1
89883,1
90143,0
51910,0
53607,0
21499,0
71230,0
4007,0
28852,0
79071,1
10273,3
50489,1
41541,0
3661,0
74098,0
77049,3
30978,0
75156,0
2210,0
42732,0
69438,1
301,0
94880,3
14559,0
72727,0
3868,0
1991,1
43609,0
6932,0
89396,1
63088,0
19908,0
42205,0
95058,0
4584,0
36476,0
32039,0
36917,1
69605,0
22874,0
38911,0
2307,1
6567,0
23926,1
22207,0
79834,0
17992,0
51580,0
9112,1
38469,2
89075,0
19068,0
16796,2
77659,0
78201,0
7304,0
53139,0
9900,0
63203,0
11679,0
59156,0
82921,1
45872,0
6741,1
84045,2
99052,2
41941,3
92664,2
24958,0
25667,2
68087,1
95503,2
1917,0
42300,0
63876,0
47959,1
93886,0
40898,0
44044,0
53590,0
46138,1
99849,0
57930,0
45388,0
19760,0
1446,0
19483,0
13180,0
66224,1
82628,3
66707,0
36118,1
49128,0
2320,0
49840,3
56714,0
91378,1
26657,0
17474,0
76992,0
63258,0
91473,0
53691,0
7044,0
1104,2
60039,1
3170,1
57674,0
34083,0
77844,1
71745,1
81937,0
11437,0
18219,0
75749,0
67266,0
25454,0
83606,1
1829,0
56639,2
66300,3
73318,0
38660,0
69926,0
6981,1
68082,0
2155,0
73478,1
97885,3
42627,0
97508,2
94361,0
32135,0
58807,0
84302,0
49395,0
16154,0
7202,2
64456,2
1207,0
18323,0
26662,3
48126,0
56764,1
61150,0
95607,0
18863,0
3721,0
26901,1
4560,1
57745,0
30363,0
77528,0
5586,0
42638,3
30879,2
55438,1
38683,0
98230,0
16835,0
336,1
35815,3
67105,0
89207,0
35858,0
34285,0
69363,0
98676,0
85478,0
70044,1
85453,0
18338,2
10277,0
19305,0
84545,0
38837,1
36526,0
8569,0
19940,0
67981,1
30195,0
6465,0
7208,0
12969,2
23284,0
92173,0
80396,0
93669,0
56696,2
38383,0
35269,0
20299,0
21218,2
82079,1
5032,0
27027,2
36601,2
20472,1
72560,1
57487,0
99771,0
57903,1
39387,0
10833,0
46563,0
36052,0
68673,2
11531,1
94219,3
91205,0
18439,3
62550,1
49290,0
70485,0
11678,0
69878,0
10654,1
41251,0
63814,0
58231,0
48145,1
5350,0
9969,1
13714,0
18146,0
34244,2
23421,0
39911,0
46351,1
72768,0
38595,1
76673,0
47753,1
79378,0
17105,0
38118,0
74282,2
31250,0
38870,1
87970,1
52745,0
42863,0
8109,0
9326,0
50332,1
70446,0
24040,0
12354,0
31595,0
99492,0
35196,2
22418,1
77568,2
64339,2
85026,3
74032,0
71512,0
76834,0
24115,0
86712,2
80475,0
12615,3
80123,0
66146,2
53236,0
58247,0
98072,2
28119,2
61391,0
46007,0
56212,0
14101,0
34949,0
52084,0
91132,0
47714,0
89013,0
96437,0
65887,0
58052,1
55925,2
81049,3
79055,0
58094,1
80557,0
46503,0
71772,2
85220,0
4311,0
89845,1
74651,0
20784,1
87007,0
42108,0
82254,0
90148,0
57181,0
12458,0
51817,0
38263,2
34221,1
8897,1
39087,0
34217,0
20733,3
4603,0
39450,2
44067,0
57811,3
36828,0
89434,0
98808,1
72260,3
41981,0
75753,0
16344,0
58505,3
49689,1
95929,0
56976,0
92332,0
82463,1
28045,0
31472,0
45671,0
93453,3
47860,1
37398,0
89863,0
17841,1
59504,1
17256,0
20974,1
14644,0
73482,0
75557,0
55569,2
8961,1
34610,0
43898,0
56535,0
29645,2
96932,3
69958,0
65417,0
26412,0
73764,0
39226,0
42487,3
772,3
92564,1
79214,0
83795,1
31241,0
6268,1
71009,1
5479,0
43175,0
90078,0
33487,3
1398,0
5043,1
11200,2
41854,0
60883,1
90876,0
23272,0
12635,0
48184,0
37298,0
64792,2
28359,0
46801,0
44014,0
734,0
34290,2
58733,0
61099,0
10900,3
68204,0
16289,0
80905,1
59125,0
98027,0
11419,0
39433,0
94303,0
20307,1
44806,0
80623,3
86276,1
88403,0
10687,0
84469,0
86924,0
26690,2
84155,0
9299,0
68608,0
77748,0
60608,0
81664,0
64026,1
49410,3
71766,0
90545,2
69481,0
50205,2
34191,3
18014,0
43028,1
41423,2
95745,1
13260,0
16102,2
84384,0
76594,1
91992,3
53613,0
80420,1
96808,3
17702,2
70314,3
8824,0
37833,0
68960,3
75165,2
31939,0
65447,0
58021,0
45637,0
98159,0
41056,0
23938,0
97849,0
34357,0
96837,0
15339,3
81877,0
69380,1
72759,0
83367,0
61388,1
85116,0
15805,2
35936,2
9068,0
41620,2
14036,0
29789,1
54853,2
81336,0
16131,0
85660,0
50414,0
87824,2
64887,0
59778,0
62551,0
65464,2
74452,2
59531,0
52012,0
30674,1
62785,3
51189,1
54125,0
95439,0
19905,0
71842,2
35071,0
92235,0
26543,0
95262,0
11428,0
4093,0
45789,0
37102,0
87272,0
69626,2
87078,1
2714,3
21787,0
32190,0
87095,3
53961,0
93404,1
39672,2
68318,0
17148,0
22792,3
31183,2
7089,0
94093,2
86236,2
5681,1
693,0
22943,0
43817,0
48233,0
20581,0
42434,0
3502,0
95980,3
71511,0
78030,0
46102,0
74888,0
87564,0
21341,0
92351,0
94520,2
14636,0
16005,2
75491,2
36570,2
56007,1
69326,0
93336,0
51084,0
68264,3
99738,0
62278,1
31669,0
18709,3
76833,0
78302,0
55602,0
49903,2
55305,3
82958,0
3660,0
3835,0
68627,2
16120,0
23444,1
99283,0
75149,3
96769,2
17099,0
78521,0
31911,0
33449,0
40669,0
84,1
43708,2
80779,2
8915,3
72394,0
3870,0
55681,0
55865,0
80412,1
25434,0
89892,0
28326,0
23999,2
61280,3
97104,3
30531,0
48724,1
6953,1
43442,0
28248,2
15304,2
53744,0
15602,0
42987,0
59439,0
78200,0
57384,0
53209,2
74212,0
46354,3
69401,0
46900,2
71091,0
53467,0
5765,0
34356,0
49907,2
46895,2
28671,0
49769,0
63998,0
18277,2
39117,0
9340,0
29443,0
1648,0
40589,1
66779,1
67660,2
31308,0
21615,2
18034,0
51481,1
4122,0
96711,3
42445,0
22705,1
47197,0
41893,3
33219,1
90412,1
20302,0
19346,2
77087,0
61405,0
56005,0
76944,0
13573,2
47447,0
47122,0
28788,2
75543,0
5736,2
69123,0
22476,0
86661,1
7276,0
98868,0
41137,0
46882,1
26249,0
91804,0
15132,0
76164,0
50675,0
7160,0
37629,0
80256,0
98492,0
35302,0
52570,3
87966,3
52457,2
55316,1
3307,0
34848,1
18434,0
77345,0
89365,1
58413,0
46314,2
21321,0
89905,1
11384,3
5860,0
84172,0
67465,3
30189,0
78679,1
77267,0
737,3
3620,2
21635,0
47993,1
45354,0
23451,2
88962,1
58634,0
2127,0
95020,0
10778,2
88519,0
1331,0
58600,0
62422,0
41998,0
88253,0
51406,0
59375,0
71897,0
58920,0
9866,3
1701,3
81292,2
70878,0
92471,0
92068,2
38396,0
56537,1
77691,0
28711,0
631,2
6419,2
81774,0
45007,0
78294,3
87876,0
91774,0
11792,0
76457,0
40607,0
21468,1
51774,0
7936,0
27049,0
27648,3
6130,0
96840,0
79108,0
62554,0
81045,2
26702,0
9278,2
28237,0
38385,1
39344,0
57333,0
31124,0
50251,1
79501,0
90312,0
34081,3
31501,0
66086,0
20764,1
1429,3
68831,0
93607,0
2973,1
57553,2
17546,0
30309,0
81519,0
86184,1
34252,0
58699,0
23408,0
67828,1
69294,3
45837,0
36753,0
95526,1
55622,3
67829,0
10286,1
28059,2
48832,0
27553,0
19411,0
98591,0
50813,3
58563,0
30646,2
52647,0
79952,0
6553,0
54634,2
592,2
77305,0
47417,1
24378,0
95208,0
64702,0
19706,0
43128,1
9649,0
62460,0
39599,1
30040,0
51069,1
359,0
55180,3
69239,0
21682,1
19798,3
20487,2
13177,0
32069,0
62909,0
63165,2
77652,2
43248,2
5,0
77115,1
54635,0
53310,3
23697,3
23899,0
77796,3
75031,2
87536,0
27218,2
76873,3
71012,0
83282,0
36305,0
53937,0
50875,0
12353,0
58119,0
79418,1
31450,0
27439,1
40254,0
42519,1
81404,3
42325,0
73851,0
5244,3
61924,1
51835,0
72483,0
90650,3
86589,0
31120,0
95549,0
51397,1
89199,2
16235,1
58538,0
99759,0
9474,3
84383,0
60749,1
94398,0
71471,0
33176,0
8517,0
23831,0
76,2
87912,0
90637,0
73096,0
86852,0
22877,0
79650,0
46197,0
26199,0
46525,2
80041,0
64272,0
31194,2
99994,0
30626,2
57916,0
13822,0
94910,3
87318,0
49407,1
48293,0
63942,0
92541,0
86050,3
42776,1
13138,2
52474,0
54179,0
87847,0
3218,0
51839,0
99894,0
54920,1
95561,3
21356,0
16224,0
199,0
72856,0
60525,2
63327,0
65704,0
63734,2
62516,3
68780,2
81367,0
50282,2
31288,0
94542,1
4059,0
35839,1
7162,3
24709,2
57598,1
21768,0
78688,1
30127,0
70253,0
29287,0
38876,0
7506,1
9298,0
28368,1
6687,0
39207,1
47169,1
2233,0
46336,2
85752,0
17158,0
18068,3
55577,0
66527,3
46134,0
52044,0
51053,1
23895,0
61362,0
10157,3
55482,0
48451,3
27519,0
42409,0
3509,0
35370,2
50698,0
99662,0
28944,0
90118,0
44608,0
47273,0
64935,3
86781,2
49315,0
36840,1
50355,0
82384,0
20599,0
7022,2
43621,0
14756,2
97733,2
92295,2
85177,0
72702,0
4245,0
19472,0
82525,0
92345,3
45897,0
12538,0
63061,2
13559,0
45708,0
34989,0
87303,3
541,0
13278,0
2399,0
19538,3
18313,0
41844,2
95515,0
63768,1
54244,0
99696,0
96776,0
13652,0
11023,2
32215,0
84868,0
45117,2
70300,0
11608,0
96467,2
71050,0
78716,1
68894,0
24704,0
35131,0
63271,2
13782,1
7130,3
96440,0
28721,1
26012,0
58609,0
79409,0
48764,0
13954,1
8454,0
6865,0
418,0
30983,0
33427,0
53085,0
98742,0
28942,0
57866,2
88443,1
38134,0
73419,0
63701,3
47005,3
28961,0
90821,0
58345,2
5788,0
91535,0
92215,1
52063,1
1065,0
34409,0
3986,0
20055,0
10416,1
96762,0
61064,2
19605,0
3869,0
58003,0
14911,0
31449,3
63537,1
19245,0
79580,1
33662,0
39719,0
1123,0
39431,0
50689,1
8277,0
63941,0
89383,0
70292,0
85233,0
69753,2
76562,0
17344,0
31761,1
64173,0
70649,1
55473,2
95146,2
44850,0
74045,1
75786,1
3240,3
20378,0
97686,0
1689,0
29304,1
14999,3
36311,3
28679,1
37004,2
48797,0
62347,0
92176,0
92880,0
93860,0
80710,0
75522,1
26952,0
8821,0
24100,0
37688,1
95295,2
22596,0
15313,1
4733,0
78507,0
78220,0
9919,2
8178,0
50096,0
53847,1
76942,0
1600,0
51088,2
5945,0
4371,0
48253,0
30520,0
49730,0
28709,2
75358,0
30049,2
95568,0
88752,0
74413,0
35843,2
89392,0
79025,0
5125,3
34456,3
62067,0
27274,1
98497,0
11342,0
48356,1
61739,0
65333,0
36316,2
36877,0
26494,0
18947,1
56914,2
46377,1
12507,0
88334,0
15210,3
7050,2
9643,0
61018,0
78702,2
39569,0
82195,2
34588,1
77819,0
19004,0
91142,1
14063,0
1792,1
508,0
94717,0
5673,0
16701,0
44758,0
23098,1
4714,0
85290,0
90810,0
14309,2
45205,0
48557,0
1525,1
4020,0
1876,0
22072,0
55651,0
32682,0
51184,0
72096,1
73411,1
34464,0
58740,1
76730,0
75412,0
84425,0
96680,1
28219,2
60939,0
76212,0
3030,0
24459,0
65399,0
6898,0
12437,0
63323,1
56650,0
59805,0
99777,1
80997,0
24953,0
33780,0
42156,1
80703,0
31915,0
94074,0
99534,0
29090,0
89725,0
10527,0
11861,0
24834,1
95632,0
43829,2
70274,0
2552,0
84791,0
97792,0
16799,0
9980,0
50625,0
21726,0
2392,0
99650,0
43536,0
22971,0
9027,1
20731,1
7857,1
22785,0
91302,2
93975,0
15081,1
17938,0
96365,0
87805,0
90527,2
74806,0
10976,1
92535,0
42368,2
60649,3
72045,0
95483,1
6191,0
80238,0
12697,0
16694,0
78442,0
44170,0
56716,0
78747,3
88668,0
19584,0
16908,0
72892,1
89472,0
4040,0
90217,0
3558,0
69949,0
15818,0
82163,0
57082,3
86604,1
37121,0
69137,0
97402,1
45343,0
1403,0
45679,0
39160,2
90882,2
65373,1
21595,0
2945,1
66453,1
20527,1
15371,3
64508,0
38144,0
32697,0
87294,3
51077,0
53011,1
81338,0
99766,0
17315,0
91773,0
90757,0
4470,0
50606,0
45895,2
1921,0
82049,2
27775,0
60215,0
87675,1
28358,0
58284,0
63586,0
58522,1
90640,3
65445,0
92432,1
89103,0
55965,2
57798,3
67768,0
30447,0
51369,0
98337,1
9149,2
90063,3
13112,0
26357,0
14268,0
57812,0
95720,0
90311,0
98574,0
15015,0
95212,0
612,0
56125,0
45665,0
25172,1
1823,1
20664,0
31137,0
81043,0
44872,1
47913,0
6229,3
9238,0
15756,0
69602,1
69411,1
8099,3
94518,0
58570,0
43220,0
68353,1
74362,0
71960,0
77279,0
19713,0
7275,0
92255,0
42118,1
59812,2
27469,0
53604,0
12356,1
39659,3
64134,1
2499,0
13010,3
76350,0
93613,0
27518,0
98021,0
33184,0
78585,0
96686,0
56175,0
77403,2
10386,1
20199,0
96105,2
2011,0
2581,0
19490,3
43674,0
46554,0
72444,0
28213,0
51814,0
49785,0
70007,0
31184,0
75014,0
88343,1
12100,0
33405,2
13725,0
12854,0
15280,0
73066,2
21585,0
9117,0
29629,3
72218,1
3150,0
42651,1
61153,0
78181,0
76440,0
39966,0
27228,0
79335,1
41916,1
38674,0
46222,0
21759,0
532,0
36823,3
31986,0
95877,2
51187,0
90550,0
2576,0
57966,0
11871,0
56698,0
13723,0
31558,0
91265,0
37318,1
74324,2
97729,1
29499,0
98134,3
38042,0
63582,0
58985,0
13538,0
59832,0
28753,0
3624,1
82553,0
27364,0
90176,0
57871,0
26862,0
33508,0
46648,3
19592,2
24795,0
65515,0
60425,0
15995,0
98679,0
55528,0
95247,0
69297,1
16372,3
69140,0
28420,0
49975,2
66407,1
4006,0
38854,0
74455,2
36522,1
36320,0
53372,2
95229,0
10820,1
58945,3
46626,0
44186,0
7914,0
78539,0
73412,0
80365,3
49253,0
58460,0
1739,0
31732,0
1672,0
36523,2
23006,0
21588,0
75935,3
73501,2
36819,2
26084,0
54370,0
12075,1
71194,0
63875,2
48454,0
2481,0
2613,2
28776,1
27146,1
22507,0
81433,0
65799,1
26967,0
13605,0
60581,0
13934,1
96847,2
92922,0
20811,1
74078,1
62959,3
25898,0
32736,0
43517,0
69006,0
21767,0
4496,2
11742,0
59927,0
51651,0
567,0
85934,0
23050,3
49947,3
9462,0
3904,0
68026,0
82466,0
66625,0
94838,0
49997,0
49767,0
67533,0
44657,3
38577,0
44587,2
2168,0
4841,0
99028,0
21358,0
80687,0
94809,0
98738,0
75789,0
41913,1
22398,0
87019,0
16831,2
39762,0
98256,3
99661,3
13574,0
22390,0
81641,0
65925,0
49025,0
92955,0
28582,0
7282,0
40206,1
84119,1
19764,1
51339,2
51019,0
96941,0
7388,1
36903,1
35699,0
62013,0
69305,0
98172,0
89361,1
99732,0
58837,0
2478,0
37782,3
47775,0
30156,2
12125,0
81505,0
84403,0
43498,0
72640,0
4166,2
85856,0
97865,0
37864,0
11259,0
13482,1
80309,0
52806,0
53096,0
24653,2
47938,1
36650,0
15333,0
40376,0
26994,0
92624,0
99897,0
48235,0
88101,3
47627,1
15022,0
89285,1
95541,1
26518,0
16761,0
2798,3
60115,0
84663,0
46910,0
61142,3
16444,0
7915,0
19220,2
22979,0
38827,3
72340,0
4656,2
98583,1
26968,0
48295,0
804,0
73949,0
64738,0
11962,0
9414,2
97827,1
94601,0
52929,0
86260,1
31239,0
30593,0
2505,0
65323,3
18106,0
99053,0
54287,0
40536,0
60715,0
68483,0
87550,1
92728,0
46616,2
86774,0
92896,0
63522,2
35118,3
74747,0
34609,0
280,1
18420,0
83759,1
7723,0
67160,0
92723,3
90666,0
28231,3
99959,0
94558,0
91599,0
80101,2
1062,0
76892,1
96520,0
79533,1
17878,0
53767,0
4227,0
56516,0
18242,2
95049,0
55997,1
88165,0
35705,2
41468,0
77721,0
25603,0
96683,0
64273,0
19825,0
15815,0
58549,0
77375,3
69522,2
64075,0
29438,0
42076,0
42805,0
2324,1
50092,0
71076,0
20409,0
96963,1
81552,2
82006,1
58573,0
73827,0
3336,2
81194,1
58517,0
39040,0
70157,0
59430,0
2801,0
53041,0
217,3
44634,0
99963,1
54489,2
67250,3
33137,3
83057,0
15675,0
94427,2
61900,0
46075,1
3591,3
59402,0
99098,1
57160,0
78413,0
34237,0
69013,3
7572,0
36625,2
60726,0
25848,0
2717,0
6464,2
78168,3
43729,0
67308,1
31437,0
96483,0
69911,0
26756,0
77996,3
45886,0
23361,1
27783,0
58081,0
68127,0
61673,0
8807,0
67367,0
96052,2
66880,0
35941,0
25173,1
22895,0
19861,0
9470,1
51449,0
16148,0
54675,0
2366,2
19204,1
8150,3
85173,0
70494,0
16807,3
73638,2
11973,0
44489,0
67794,0
53148,0
95095,3
90952,0
4978,1
11955,3
85212,3
7076,0
49277,0
94716,0
28103,0
61009,0
61234,2
30705,0
13755,0
42128,0
98180,1
14625,0
77125,1
77479,3
69036,0
33140,0
25933,0
74701,0
54870,3
15455,0
68544,0
662,0
97036,1
28628,0
43009,0
49205,0
70662,2
99811,2
55730,1
97632,3
75186,0
90360,0
84581,3
30030,0
81642,0
195,0
25023,0
42413,0
96259,0
89896,2
68061,0
22138,0
57127,0
16326,0
31143,0
34385,0
53933,0
79379,3
9432,0
44332,2
18394,0
86044,1
98678,0
14120,1
42558,1
10073,0
95005,0
3895,0
64863,0
97634,1
3248,0
81948,1
74354,1
23541,0
1316,0
76406,0
64303,1
52825,2
9090,1
76777,0
44470,3
62576,0
24587,0
63706,1
15560,1
40652,0
5432,2
60840,0
44481,0
18006,0
33012,0
1360,0
9096,0
99268,2
63562,1
6335,2
44615,0
46465,1
20071,3
55636,0
36244,0
32954,0
35851,0
36022,0
78676,0
6411,0
83371,0
66038,0
64169,0
28158,0
45552,0
83936,0
23017,0
59051,2
53835,0
76230,0
72310,0
34766,1
76511,0
17515,0
30245,1
74122,0
88341,0
64038,3
48087,0
71427,0
50301,2
14580,0
66567,0
530,1
3223,1
50010,0
37933,1
34043,2
40576,0
30935,2
20682,2
70170,0
93113,0
88312,0
49734,0
25171,3
25819,0
22696,0
84732,0
10619,2
28135,0
4991,0
82711,0
69359,1
36646,1
23063,0
54896,0
40484,1
41328,3
50510,0
69702,0
10283,2
69814,0
71267,0
21292,0
69441,0
79192,0
28187,0
79042,3
8262,2
4338,1
19044,0
1341,0
53529,0
33739,0
66754,0
39958,1
41990,3
52300,0
31995,1
20952,0
59752,1
50161,0
59520,1
40753,0
94847,0
82214,0
25364,0
21124,0
14998,0
20729,1
83316,0
76307,1
26081,0
58525,0
90159,0
84550,1
82687,3
60727,0
81344,0
19735,1
15671,3
5436,1
38728,0
59045,0
51346,0
5530,0
21646,0
22257,0
55517,2
98475,1
78596,0
41099,2
3341,1
12214,0
90609,0
3573,0
86247,1
31770,0
78197,0
3101,0
33665,0
21690,0
28271,1
16373,1
91627,0
63099,3
82791,2
62743,0
35440,2
41921,0
54209,0
32564,2
60979,0
58846,0
20647,0
70584,3
80049,0
869,1
4704,2
80179,1
93879,3
72325,0
42080,0
56701,0
78490,0
93168,0
8601,3
95881,3
82348,0
88535,2
80661,0
58441,0
88242,2
86882,0
22075,0
54371,0
86425,0
8026,1
41156,0
98022,0
84420,0
91568,0
58248,0
46641,0
86849,1
97590,0
49022,0
23072,0
60932,0
5581,0
51927,0
84650,0
58365,0
40198,0
61056,0
23053,0
55881,0
87060,1
40852,1
72225,1
35039,0
34375,0
19080,0
93426,0
26099,1
97147,3
87333,0
10885,0
71033,3
21120,0
87453,0
14990,0
88442,2
19195,0
17574,0
29226,0
74127,0
97839,0
60716,0
63682,0
80467,0
93939,0
12435,3
75118,0
36964,0
78560,0
78823,0
64453,3
76725,1
45614,0
29309,0
17918,0
37863,1
5752,0
43510,0
56781,0
60187,0
64360,0
21803,0
88108,0
25681,2
42570,0
12339,0
73991,0
18493,2
9134,0
74228,0
61677,0
82743,0
73748,0
99401,1
71380,0
9556,3
15292,3
77216,3
73850,0
43657,0
17751,1
16924,0
14078,0
261,1
67091,0
83303,2
26341,1
11287,0
89352,3
9106,0
81960,1
22630,0
11426,0
93698,1
12072,0
82797,0
86564,0
78982,0
78822,0
22027,0
20293,0
16787,2
66571,3
42425,0
88728,0
49167,1
30632,0
86127,0
37401,0
23493,3
22053,0
3885,0
77873,0
71489,0
7680,0
72717,0
50611,3
44474,2
29400,0
64583,0
69906,2
21336,1
73204,1
67055,2
16624,2
33621,0
53115,0
33322,0
76384,0
84808,1
47355,0
92361,2
16225,0
57544,0
96515,0
96506,2
85755,1
61828,0
44008,0
18327,0
33538,0
45648,0
6811,1
46131,1
49515,1
82563,0
68712,0
38927,0
45128,0
42244,0
60856,1
40752,1
5938,2
32335,1
20940,1
68455,3
97830,0
54843,1
66123,1
89979,2
44760,0
55451,0
56680,1
78401,0
33952,0
64131,1
96319,0
72200,1
27304,0
35396,0
29429,0
34,0
83174,1
35565,2
53215,0
29999,0
3917,1
43986,1
66095,0
45659,0
83310,0
63883,0
1066,0
63731,0
27221,0
56550,3
83557,0
25831,0
64,3
68640,2
15541,0
92627,0
94904,1
86934,0
94553,3
53092,0
59913,0
19500,1
68118,0
54573,0
59078,0
36455,0
22392,0
20171,0
68411,1
33944,2
95218,1
2158,3
22278,2
87251,0
38024,0
89188,0
83435,0
65230,3
74661,1
9114,2
38905,0
81159,0
9831,0
32716,0
75957,0
5600,0
22595,0
2000,0
72390,2
610,0
31344,1
18001,0
80421,1
15168,0
26727,3
31614,0
73653,0
24337,0
72947,2
96503,0
64668,0
89869,2
17965,0
15278,0
72085,1
84979,1
9955,2
71551,0
35457,1
63402,2
93600,0
387,0
36206,0
97736,0
61256,0
29617,0
75356,1
48121,1
33947,1
30881,0
40458,2
4990,1
23783,0
7500,3
76431,0
40408,0
80769,0
62975,0
21388,2
41839,3
4381,0
34973,0
70474,0
69026,1
93468,2
44364,0
63842,1
96344,0
18241,0
95216,0
31538,0
58578,1
27919,1
22665,0
3779,0
15961,1
16586,1
10410,0
92259,0
14325,3
29840,1
81806,1
27626,2
81200,0
26584,0
65779,0
44668,1
22964,0
88051,0
8820,0
31774,1
33593,0
59929,2
69084,0
15864,0
72761,1
87826,0
84595,0
48064,1
40811,0
77917,0
60817,0
78242,0
62886,0
41928,1
58815,0
84367,0
74606,0
62777,0
93872,0
13780,0
44602,0
40828,0
13455,0
50866,0
7154,0
3259,0
85947,0
93588,2
31334,0
47459,0
96884,1
92199,1
78625,2
91646,1
65600,0
60933,0
1259,0
92356,0
18372,3
83447,0
33599,0
52445,1
65004,2
80427,2
21558,0
230,2
82402,0
66563,0
71479,0
53001,0
59534,0
47321,0
64570,2
35392,0
4069,0
70158,1
51202,3
83641,0
64720,0
19773,0
8418,0
96726,0
16770,0
55107,0
90699,0
6341,1
75003,0
29239,0
64917,0
15415,0
50358,0
20120,0
49506,0
45161,0
97078,0
50267,3
69108,0
80248,0
25410,1
63466,2
72715,0
73207,0
41363,3
52638,3
94514,0
23527,2
50984,0
88311,1
14248,0
24609,1
18900,1
70854,0
92148,0
40339,1
39708,0
22203,0
81212,0
90945,0
97616,1
90818,2
65132,1
73483,2
87033,2
8977,0
40932,0
2517,0
74931,0
54322,0
45828,0
1916,0
79473,0
30208,1
45831,0
40050,0
21205,0
40641,0
13072,0
64172,0
53914,0
28906,3
21274,0
61467,3
92772,1
82150,0
96179,0
38333,0
33874,2
69570,0
54763,1
4948,0
83066,0
6119,0
42410,1
33546,0
49874,1
83418,1
44201,0
13950,0
94938,0
50974,0
13753,0
2679,0
56581,0
46685,0
98630,0
50669,0
83292,2
12708,0
81823,0
83734,0
60713,3
11775,0
7616,0
32472,0
57466,2
52173,1
42771,3
17883,0
70010,0
54390,2
44930,1
20038,0
86662,0
99318,2
17089,2
10739,0
32921,0
76231,1
11545,0
73906,0
19202,0
17845,0
5317,3
66736,0
34729,1
86010,1
47081,0
40925,3
17372,0
5954,0
43726,2
66988,2
19009,1
98451,0
45963,0
43585,0
27604,1
54627,0
92175,2
38131,2
25844,2
55008,0
67317,0
43010,1
61965,0
27696,3
50665,1
8351,1
60624,0
25539,0
79689,0
13015,1
47222,0
84265,2
5415,0
46081,1
97054,3
13642,0
32331,0
32844,0
59481,1
1920,0
61833,1
12064,0
83111,0
98949,0
34284,0
8583,0
6036,3
21979,0
13465,0
45668,3
3097,3
69215,0
54706,0
17836,0
87252,1
87729,0
34760,0
80491,2
36475,0
72748,0
20357,1
57079,2
34227,1
73649,0
71087,0
7043,0
16259,0
50697,0
89991,2
37272,0
78167,1
89523,0
32800,0
46483,0
20164,0
14844,2
37294,3
19711,0
6607,0
67880,0
32348,0
30375,0
56565,0
25051,0
16830,0
62019,0
54965,1
32551,3
50787,0
36512,2
32767,0
70680,0
77008,0
93647,0
41241,0
94409,0
99878,2
53854,2
52775,0
57633,3
98985,0
30850,0
56842,0
89253,0
82665,0
57078,0
87877,2
17490,1
58625,3
62765,0
66943,1
55484,0
28290,0
60719,0
54966,0
84436,1
47701,3
70706,0
68809,0
92129,2
93630,1
44166,2
64761,0
16543,0
92580,0
44810,0
2680,2
44248,2
80483,2
65591,2
99403,1
77350,0
12407,0
64932,1
80735,0
41314,1
94412,0
11379,0
17143,1
33302,0
7392,0
92656,0
95113,0
31016,1
56372,2
22832,0
13288,2
83853,0
28556,1
5880,0
60675,0
78818,0
96672,1
65623,3
24737,0
2899,2
75517,3
8131,0
18750,1
30521,0
38627,0
67145,0
92834,0
5481,0
51836,3
32516,2
83204,1
2933,1
58506,0
58075,0
56490,0
4655,0
21023,0
88250,2
83801,0
7707,0
83726,0
96477,2
6356,0
36639,0
38165,0
33419,0
89009,1
17234,0
90272,2
76268,2
67051,1
17890,0
46881,0
38765,3
53078,0
4467,0
39362,0
3864,0
35175,0
62901,0
54416,0
10508,0
10223,0
92809,0
14398,2
33879,0
26687,2
95134,1
88185,0
77598,0
69801,2
75216,0
14984,0
32240,2
19991,2
51664,0
93544,0
98466,0
4052,2
91408,3
69547,1
65277,1
58452,2
51526,3
68808,1
98593,0
4630,0
72909,0
39272,0
50300,1
983,0
5853,0
57713,0
34302,0
94731,0
26166,0
21049,3
92888,0
67293,2
49182,1
64100,3
76203,2
72954,0
28453,1
86141,0
34230,2
44751,0
208,3
18413,3
15923,0
21438,2
7769,0
730,1
72927,0
94104,1
14305,0
1168,2
92877,0
2382,0
19154,0
68690,0
78791,0
82979,2
28740,0
20915,0
7694,3
92613,0
68911,0
72242,0
66691,0
33788,0
10100,1
15941,0
11849,1
78360,0
21484,0
21390,2
67682,0
28169,0
62224,0
62261,0
84006,0
1516,0
66904,2
20373,0
97204,2
40794,0
35487,0
60497,1
74966,0
54555,0
86684,0
71248,3
38818,0
63666,0
31505,0
8808,3
91885,3
39456,0
46645,0
32248,1
15548,0
29382,0
62907,0
20188,0
41972,2
88008,0
52128,2
72017,0
78674,1
79845,0
54118,0
9234,0
79956,0
18216,0
96277,0
2404,0
91561,0
31285,0
3392,0
77231,1
41209,1
65060,0
62544,2
33738,0
66600,2
56367,0
11816,3
25185,1
86673,1
44925,0
53088,1
36582,0
85483,0
68236,2
35403,0
68845,1
78015,0
95846,0
62795,0
80425,2
86090,0
97041,2
73628,0
40211,2
99582,0
44337,0
25810,0
74404,0
90495,1
41413,0
7320,2
50941,0
10585,0
81033,0
4571,0
6203,2
98501,0
7898,0
38504,1
57169,2
18030,2
34594,0
63484,0
81348,0
41874,0
33305,1
63423,3
6445,1
11916,1
66052,2
63676,0
41147,0
22307,1
27731,0
6654,0
6304,1
48646,0
71655,0
54349,0
43368,0
13225,3
47988,2
18138,0
5469,0
56750,0
77929,0
89219,0
51261,1
58497,0
97485,3
15881,0
62545,3
8043,0
53863,0
84585,0
23404,0
6804,0
76516,0
9573,3
50498,0
25025,1
32184,0
25438,1
24733,2
48479,0
66759,0
77594,0
28338,3
48917,0
47109,0
29393,0
42052,0
64019,0
94260,1
98697,0
20297,0
70510,0
16959,0
86002,0
27933,3
47032,0
77589,1
16076,0
95963,2
37458,2
26622,0
88373,0
70218,0
88125,2
34867,0
32829,0
23043,0
46303,0
82070,1
79536,0
95921,1
74963,0
39527,2
39239,1
76186,0
56114,0
64808,0
30908,1
33251,1
46956,0
95635,0
85738,0
77777,0
20753,0
52313,0
52141,2
59770,0
20089,0
62186,2
13565,0
68091,0
80824,2
75505,0
55672,0
71080,1
78417,0
25352,1
93167,0
10964,0
55509,0
61180,0
36580,3
45537,0
35204,0
55379,2
8534,0
2078,0
10950,2
30510,0
46805,0
31354,0
80796,1
13570,0
3654,0
62499,0
72391,0
78524,0
12154,0
86939,0
49542,2
4525,2
91236,0
77219,0
35241,0
31606,0
96962,3
60643,0
82449,0
45809,1
6821,0
64898,0
41525,2
37657,0
32542,0
10547,0
46379,0
57376,0
31023,0
43133,0
13381,0
9856,0
78411,0
90287,0
99147,0
46629,3
50116,0
24055,0
21828,0
21955,0
68243,0
49529,0
52590,3
22617,0
23467,0
69826,2
40450,0
1047,0
14484,0
67056,0
62690,1
5852,0
88543,0
12156,0
79386,3
33279,0
6928,0
24335,3
20750,1
55519,0
87971,0
42319,3
60221,0
38967,0
97113,0
32098,2
53627,1
13819,0
56315,0
32723,1
98268,0
786,0
29682,2
27418,0
35309,0
70252,0
51057,0
36831,2
33171,0
22111,2
35371,0
78642,0
36152,0
40002,2
42492,0
61475,1
97955,0
19123,0
20296,1
8987,2
98064,1
93953,3
80408,0
81001,0
80298,0
21946,0
70875,0
58766,0
86448,0
4353,0
16053,0
8440,0
79316,0
22636,0
34195,2
13007,3
74235,0
13995,3
63612,0
33110,2
4163,0
97818,0
68130,0
31948,0
1135,3
45134,0
55079,1
92403,0
74969,0
97754,2
44302,0
29671,0
17262,0
44443,0
72952,0
72099,2
83464,0
31373,0
56974,0
78478,0
97697,0
53864,0
24480,0
89282,0
48878,0
40379,0
89481,1
39954,0
62719,0
4639,1
13325,0
53846,2
51736,0
40802,0
982,0
33391,1
57840,1
80090,2
77095,0
6260,2
2072,0
72782,2
31901,0
13595,2
6868,0
52330,3
94969,0
54535,0
12414,0
13851,3
15008,3
93811,0
44922,0
96013,1
37720,1
23618,0
60128,1
57987,1
93413,3
4090,0
87239,0
30233,0
70849,0
23662,0
1433,0
15766,3
96984,0
43598,0
5058,0
50912,1
99445,0
97381,0
89230,0
56732,0
79273,0
23595,3
79800,1
29831,0
38362,0
11949,0
27850,0
29852,2
90127,2
26149,0
82637,0
11676,0
79494,2
17043,0
91752,2
20881,2
73777,1
20436,0
13237,0
50366,2
4130,0
65905,0
71780,0
67755,0
39987,3
12174,0
83517,0
22610,0
65131,0
51044,0
30038,0
55772,0
86523,1
77108,0
20786,0
34384,0
88961,0
14892,1
34627,0
77700,0
11904,2
43356,0
84189,2
20770,0
72271,1
57297,3
58199,0
86579,3
73455,0
18607,0
89720,0
48857,0
72371,0
2468,0
16059,1
39901,2
73648,0
30841,0
37716,1
89605,0
45729,2
22654,0
2248,0
69247,1
49320,1
67173,0
88444,0
83465,0
20947,1
47769,0
93712,0
47439,2
26752,0
94697,0
93011,0
96199,0
43903,1
20592,1
6407,3
96947,0
34183,2
26998,0
64052,0
53814,1
79486,1
58143,0
86789,0
74862,0
69335,0
80540,0
28549,1
50684,0
90307,0
61116,0
71455,3
86085,0
58909,2
28408,0
56159,0
39624,2
12224,0
47027,2
68575,0
60905,2
68830,0
57716,0
33605,2
61013,0
7494,0
57607,1
58879,0
70306,1
87390,0
52374,0
88876,0
63015,0
82487,0
78483,3
4610,0
51073,2
17429,1
57589,0
41897,0
65777,0
80603,0
24329,3
13628,0
52786,0
53876,0
45986,0
28497,2
15430,0
60929,0
34505,0
49426,0
89694,1
6748,3
75533,0
46507,0
58387,2
46679,1
36767,0
41995,2
53865,0
23342,0
44865,0
97220,2
52670,2
70028,0
21961,1
75294,0
35359,0
29496,2
45958,0
51527,0
8342,0
27639,0
88339,2
34018,0
81867,1
92836,2
88282,0
22607,0
61583,1
84920,3
75500,0
42521,2
73233,1
94417,1
15673,1
8857,0
67687,2
95169,0
89580,0
17963,0
23631,0
71860,0
63310,0
78731,0
10594,0
82666,2
47450,0
34125,1
27386,0
25772,0
84077,0
20957,0
63956,0
85559,0
89048,0
54609,0
19007,0
17126,3
74787,0
90521,3
76876,1
91637,0
30025,0
91856,0
49215,0
82188,1
1545,0
36798,0
5396,0
48338,0
24452,0
61951,0
99953,3
36215,0
30640,2
79253,0
52467,1
57366,1
33841,0
65174,2
62477,0
55175,1
17022,2
34483,2
99596,0
26094,2
29359,1
64152,0
33770,2
77484,1
30171,0
86876,3
73781,0
54013,3
56573,0
84877,0
74387,0
43584,1
23984,1
43326,0
38956,0
81892,0
52058,1
49008,2
88991,0
64629,0
31070,1
22288,0
7323,0
20488,0
89751,0
32383,2
17420,0
61637,0
47881,3
68691,0
91394,0
5258,3
69337,3
98886,3
40870,1
70223,0
9230,0
81833,2
79301,1
53782,0
88541,0
70608,0
41454,0
32260,1
52939,0
446,1
72763,0
62435,0
61817,0
33575,2
82064,0
83041,0
89839,1
38296,0
13009,0
55234,1
13564,0
36738,0
9050,0
9385,0
99566,0
80835,0
4791,0
98843,0
63145,0
19341,0
77103,1
9013,0
68626,2
54854,0
33750,0
40791,0
23371,0
89499,0
35161,0
96284,2
23935,0
53712,2
21031,1
48545,0
65575,0
29385,3
96294,0
13185,2
11007,1
79110,0
8577,0
64959,2
61824,0
62713,1
5760,0
38903,1
29124,0
5990,1
44377,0
92971,0
85627,0
22352,0
76767,3
9136,2
9897,3
90802,0
8888,0
75756,1
42886,0
61968,0
29545,0
70856,0
63673,1
61603,2
25464,3
99568,2
26740,2
39470,0
31691,0
25818,0
76125,0
70959,1
70045,0
1982,1
66631,2
54421,0
33650,0
27915,0
97836,2
11761,1
85834,0
10967,1
10657,0
52916,0
6569,1
61576,0
61208,0
23827,1
2014,0
93527,2
4680,3
57008,0
51692,1
15712,3
66501,0
34119,0
29025,0
34634,0
21309,0
21179,0
59034,0
78143,0
86615,1
92285,3
84518,0
73107,2
65699,0
2821,1
12325,0
12132,2
72786,2
65573,0
44995,0
25291,0
51842,0
25100,0
36737,0
20841,0
99001,0
25338,0
3968,0
43204,3
76950,2
90725,0
85141,1
78100,1
86165,0
83453,0
85645,1
55389,0
15472,0
70077,0
72706,3
1107,1
84251,0
35136,0
40504,0
10450,0
97214,0
68251,0
53456,0
9615,0
84805,0
58192,1
84824,3
20958,0
85411,0
1623,0
12239,0
44074,0
77885,1
99267,0
74310,0
81906,0
43389,0
27827,1
66200,0
46174,0
6332,2
69153,0
95213,0
95648,3
18451,0
73927,0
46509,0
57037,0
37726,0
72108,0
82662,0
33116,0
84326,1
73741,0
25489,3
96966,2
57188,0
8100,0
65733,1
97567,0
16750,2
31992,0
46861,0
93232,0
76568,1
98061,3
68009,0
36018,0
73193,0
87401,0
62366,0
18826,0
33858,1
82843,0
61212,0
80888,0
97762,0
39244,0
12091,0
55926,0
91903,0
99240,0
27884,0
35152,0
49560,0
55609,0
61449,0
88986,0
28893,0
99364,0
44342,0
9779,0
39215,0
47438,0
18499,0
88279,0
98770,0
91393,0
97223,0
85269,0
99799,0
2616,0
8681,0
82176,3
14834,0
6432,3
20844,0
1245,0
42605,0
78807,1
43784,0
29782,3
17199,0
40311,0
45903,2
80964,0
16811,1
88560,0
65878,0
17868,0
64091,0
24579,0
66976,0
32792,0
54112,2
96576,0
56665,0
98642,0
34654,0
51562,1
49470,2
72923,1
71868,0
29549,0
80886,0
35852,0
78257,0
345,0
48378,0
79206,0
45534,0
10998,0
20945,0
80565,0
2598,0
60717,1
30898,3
24081,0
23037,0
97128,0
99373,0
35616,2
81624,0
47941,1
13629,0
23673,0
44666,0
22155,0
5238,2
49601,2
4190,0
45119,0
8811,3
12889,0
88357,1
55445,0
85316,2
62072,0
86993,2
99707,1
49311,0
13764,2
58868,0
3765,0
22147,0
27067,2
87244,2
30003,0
9332,0
25204,0
81898,0
70738,2
71142,0
56195,2
58958,0
36838,0
5701,0
85915,0
50628,0
12873,0
87616,1
91209,0
20827,1
55195,2
73375,0
20937,0
26135,2
16072,3
84042,0
85912,2
13505,0
72251,0
58867,1
521,1
39501,0
44075,0
46189,0
17215,0
68940,0
22033,0
84259,1
50779,0
27781,0
42691,2
5499,0
90424,1
44473,2
760,1
24797,0
49133,0
38388,0
82461,0
8657,1
20232,0
24705,0
20883,0
7270,0
57038,2
22082,0
77105,1
26142,0
81546,0
61522,1
32027,0
19092,0
2767,0
64656,0
22661,0
11899,0
40251,0
45413,0
67425,0
84404,0
99044,0
96332,0
55615,1
39770,2
82957,2
32092,1
48603,0
62797,0
12097,0
56390,2
71130,1
5731,0
83730,0
13658,0
52451,0
67866,1
25532,2
95,0
73600,0
59259,0
80740,1
7457,1
88617,0
15700,0
49063,0
31349,3
66116,1
28129,1
46564,0
1081,0
91968,2
88362,1
54280,3
32537,0
20613,0
50882,1
92734,3
4722,0
27677,0
53312,2
94861,0
23969,3
88024,0
78983,0
3197,2
69176,1
67867,3
11549,0
62769,0
85365,0
80803,2
91743,1
72800,0
80385,2
20222,0
44182,1
87120,0
94322,0
96034,0
33121,0
8839,0
3279,3
26353,0
88901,2
95991,0
43955,0
11188,0
1760,2
3174,0
48009,1
45769,1
46268,0
51815,2
2910,0
47071,0
48271,2
69250,0
24759,0
78861,0
78151,0
76908,0
37060,3
45723,3
32283,0
17788,0
44784,1
83767,0
75243,0
12703,2
59894,0
848,0
54503,1
48864,0
30089,3
59508,1
63007,0
50103,0
16296,1
76742,0
63495,3
73997,1
51350,0
54580,1
11939,3
95293,3
46741,1
74960,0
79895,0
15963,3
59516,0
64825,0
7600,0
34735,0
60583,3
73922,1
12282,2
96097,2
67723,2
84091,0
84521,0
84890,0
62273,0
68833,3
32600,0
67897,1
56033,0
60916,0
5950,0
20868,0
33620,3
16227,2
1208,0
99981,0
10972,0
94868,0
21398,2
11915,1
84365,0
6976,2
25448,0
32618,0
43216,0
36334,1
37338,0
24023,0
88693,2
47819,0
62858,0
76965,0
72897,1
65425,0
37415,0
72466,0
20847,2
70811,0
75857,0
38746,3
62379,0
6834,0
53533,0
97355,1
21432,0
76739,0
36892,2
44833,1
49517,0
33329,1
84356,0
6690,0
95133,0
35032,3
12290,0
85010,0
70590,1
63655,0
71139,0
544,0
66365,0
82145,0
61488,2
10400,0
11774,0
64385,0
9830,1
49638,1
35846,0
91581,0
77228,0
68196,0
23959,1
14113,0
44292,3
20508,2
59732,0
39800,0
59858,0
55951,0
30591,0
72082,0
38749,0
4687,0
80605,0
97400,0
82368,1
29842,1
1901,0
41346,1
10568,0
66558,0
70603,0
37531,0
45329,0
59478,0
7594,0
992,0
59014,0
19746,0
25527,0
17695,0
40395,1
45448,0
77128,0
66348,1
78497,0
49441,2
51603,0
70507,0
38438,0
1852,2
96150,3
84033,2
40699,2
94897,0
69045,0
56712,1
16655,0
29439,0
94054,0
18672,0
68165,3
84111,1
52552,3
54343,0
63774,0
35818,0
54094,1
4295,3
16390,2
27885,0
71200,1
51063,0
66549,0
9452,2
62680,1
94187,0
68525,1
83183,0
32848,3
62753,0
56304,0
86933,0
26137,0
93002,1
38002,0
74313,0
88835,0
56359,0
72614,0
6082,0
6622,1
82900,0
51326,0
74385,0
43492,0
54526,0
74546,1
29765,0
22907,0
76303,2
42338,0
38154,3
32243,0
16744,0
85597,0
77909,2
30762,2
99803,0
54309,2
51733,0
31384,0
86987,0
98127,0
76132,1
61108,1
87889,0
89648,0
4085,0
97925,3
55053,0
67954,0
28899,2
9416,0
25913,3
26893,2
32012,2
31444,0
9064,0
61433,0
22280,0
89557,1
76941,0
35355,0
34803,1
32626,0
37620,0
80198,0
16871,0
41291,1
30350,0
72948,0
48045,0
41699,0
86748,1
9484,0
90297,0
47330,2
8001,0
98667,2
11920,2
99382,0
43642,1
98582,1
24402,0
96928,0
31321,3
21710,0
97099,1
39142,1
2368,0
6886,2
65566,2
25823,0
57723,0
31274,2
53004,2
27054,0
97052,0
14258,1
5081,0
7905,0
59445,0
74571,2
93720,0
3953,3
19878,1
26554,3
23129,0
40957,0
71462,2
91137,0
62105,0
40608,0
1827,0
90991,0
90301,0
65406,0
67350,0
45076,0
53301,0
31316,3
54592,1
5795,0
88525,0
44741,0
34623,0
73750,0
28077,0
66889,1
26924,0
27545,0
11684,0
69435,0
63216,1
65802,0
45955,0
32567,0
33800,0
60839,0
72789,2
7568,1
85656,0
79370,0
20582,0
75939,1
71406,0
41443,0
3393,0
89612,0
37482,0
80892,0
56666,0
47748,3
86000,0
91721,0
65932,0
19466,0
29324,1
49,0
18228,0
95940,0
30082,0
93241,0
92973,0
50054,0
77291,0
68240,0
88592,0
4310,0
12289,0
6605,2
79812,0
35920,0
69709,0
28344,0
57089,2
59480,0
67507,0
51120,1
26091,0
88700,2
38380,1
8194,2
44249,0
61194,0
38685,0
88496,0
29554,1
70346,1
33610,0
24538,0
22391,0
58902,0
7798,0
78605,0
72638,1
10317,0
78950,0
79816,0
64096,3
40133,0
13589,1
32672,3
74756,0
71787,2
10628,2
97583,0
62594,0
54303,0
74055,0
15363,1
3900,0
56056,2
80558,0
43551,1
71093,0
38343,1
84092,0
10209,1
10398,0
12222,0
90290,0
1183,0
42784,0
36748,0
98023,0
8291,0
41034,3
48497,0
46758,0
8684,0
62860,0
49435,0
50939,0
87455,0
81811,0
50345,0
80759,1
16646,1
48967,0
58562,1
31946,0
79222,0
75590,0
48647,0
97721,0
38035,0
49088,1
6309,0
13158,3
36259,0
12870,3
13513,0
85701,0
63735,0
4201,0
31530,3
65538,2
57161,0
32159,0
5285,0
58693,0
65275,0
66872,2
3780,3
10020,0
38910,0
24717,0
70056,1
82112,3
94131,0
46083,1
78040,0
26426,0
34349,0
59305,3
2637,0
75690,0
60773,0
73007,3
68392,1
6289,1
99184,0
65840,0
20843,1
61529,1
96090,3
31841,0
97803,0
7307,2
87642,1
9702,0
35351,0
84863,0
29977,0
9806,1
70383,0
87344,2
32641,0
84481,0
63605,0
54090,0
72548,0
4432,3
45400,0
61008,0
98394,0
57105,3
51029,0
89882,2
82668,0
11075,1
46922,2
95519,2
40640,1
6922,0
89460,0
62575,0
7635,2
70465,0
1945,2
93816,0
59575,3
87693,0
99629,1
54960,2
76830,0
63352,0
8907,2
62437,0
84197,2
78072,0
76158,0
34647,3
56283,0
74075,3
77875,0
1412,0
39817,0
6766,0
21003,2
13227,1
51114,3
31829,1
86834,0
25411,0
74553,3
24640,0
32663,0
67095,0
9438,0
49596,0
4997,2
19061,3
8133,1
22281,3
37086,0
19589,0
67722,0
5292,2
73576,0
35073,0
90986,2
91175,1
26328,0
48735,0
9308,2
89291,2
79383,0
9100,0
14777,0
20139,1
53134,0
93319,0
36587,0
87093,0
48000,0
26751,1
613,0
41497,1
75334,0
93037,0
11098,3
13321,0
18909,2
62967,0
83821,2
71608,0
43705,0
58769,0
24570,0
39055,0
27971,0
39558,0
20070,0
69223,0
14539,0
40893,0
41367,2
26539,1
28507,0
31466,1
25427,0
51072,0
55059,0
64646,0
12410,0
67664,0
49495,1
32378,2
16934,0
14696,3
52905,0
87904,0
84815,1
94426,3
45628,0
9201,0
28938,0
63421,0
27245,2
4323,0
28440,2
72104,3
48018,0
50343,0
83773,0
2269,0
91939,1
28057,0
53723,1
54434,1
83321,0
49338,0
56583,0
71473,0
91451,0
66226,0
84884,2
78966,0
99174,1
5437,0
78662,2
40038,0
98534,0
41814,1
89156,0
73635,1
62591,2
59364,0
44536,1
97206,1
86947,3
44811,0
50777,3
37358,0
74332,3
35585,0
19255,2
81260,0
47847,0
60684,0
29350,0
8674,3
89672,3
26120,1
90187,0
53543,0
4108,0
10719,0
96373,0
789,1
31790,0
5035,1
16082,0
94116,3
33180,1
18574,0
2053,0
42963,0
75845,0
26679,0
53700,0
47138,0
78869,0
43137,0
8972,0
39124,1
91923,0
85895,0
1499,1
26245,0
86422,3
52088,0
45572,0
89550,2
47884,0
94821,2
50001,1
78987,0
88490,0
78238,1
40306,0
31361,0
89838,1
59151,0
34102,1
45178,0
90804,2
18107,0
95470,2
48524,0
87848,1
73117,0
14910,1
9778,1
18046,0
82345,0
52924,0
11692,0
5175,0
23671,3
49283,0
90587,0
88551,0
80822,0
46003,1
67649,1
44112,2
86571,0
95211,3
3811,0
17862,0
83378,0
17692,0
57949,3
13219,0
55282,0
45374,0
49743,1
17757,3
9882,0
38077,0
70769,0
57223,0
42809,3
93992,0
1918,0
48343,0
67582,0
40453,2
40887,0
1375,1
47950,1
15209,0
45266,0
73540,0
73604,0
94700,0
9885,0
98238,0
71153,2
89640,0
85910,0
88950,1
69981,2
42426,0
59495,0
78561,0
37032,2
27854,2
21922,0
6982,0
12977,0
98338,0
42196,0
68282,3
88137,0
38357,0
92945,0
25589,0
21097,0
32943,0
4070,3
48634,0
87466,0
55009,1
75664,0
33674,1
11756,0
41495,1
9993,0
62003,0
35592,0
59084,0
20675,0
71292,0
62137,2
49444,0
82875,0
96222,0
29312,2
50268,0
89297,0
35303,0
54571,3
18021,0
90990,0
10307,2
73113,0
20652,0
76792,1
60285,1
56886,1
23420,0
97938,2
22858,0
18380,0
37455,0
20500,0
28192,1
4448,0
82907,1
81070,1
79443,0
60481,0
89099,0
1551,0
60057,3
60784,0
81375,0
12209,2
86287,0
81665,1
44982,2
35376,1
62036,2
13761,1
87767,0
5494,0
64440,0
75642,0
58404,3
51830,0
66492,0
59679,2
27137,0
16023,3
11746,0
87832,1
79404,0
63407,0
57007,0
35517,0
57023,0
49668,2
92147,0
39690,0
61394,0
17924,0
63561,1
37708,0
59027,0
72635,1
72652,0
42837,3
30525,0
69443,0
96082,2
73181,0
11281,2
32501,0
44139,0
31402,0
15199,1
83402,0
61863,0
52127,2
13777,0
11235,1
79480,1
3657,0
89349,0
93956,0
78752,1
99213,0
32094,0
74363,0
99294,0
98608,2
56255,0
55604,0
97748,1
18990,0
48382,0
48281,1
23902,0
35560,0
33746,0
68591,0
52296,0
98793,0
22084,1
66075,0
84615,0
40468,0
3776,0
40912,0
65534,0
14817,0
27192,0
78845,1
45790,2
26754,1
11827,0
65801,0
53622,1
17510,0
74757,3
93898,0
1939,2
26015,2
80114,0
96204,0
5487,3
33379,0
34564,2
2041,0
47716,2
56978,0
35750,0
60579,0
14097,3
19218,0
35997,1
21184,0
77556,1
91356,0
24730,3
57233,0
91725,0
60382,0
81540,0
29244,3
14985,2
95178,0
64705,2
55833,3
90431,0
57015,0
35480,0
43072,0
73792,3
84698,0
11,1
88889,2
84127,0
57763,0
45915,0
63547,0
18156,0
13187,0
3360,3
20168,1
29201,1
82295,1
57201,0
63658,0
92064,0
36140,0
70256,0
13531,2
84442,3
88299,2
80582,0
60201,0
32883,0
60014,0
93982,0
30361,0
42275,0
5818,2
3813,3
43440,0
24710,0
13722,0
99419,1
61334,0
88457,0
26996,0
75155,0
5005,0
19627,0
29753,0
30851,0
30175,0
37382,0
72617,3
69218,0
11133,3
96562,1
56342,0
73044,0
96513,0
46190,0
86476,0
44231,0
20225,0
19852,0
30344,0
89597,3
17409,1
91204,0
79125,0
45053,0
81456,2
31181,3
32368,2
90383,1
83446,1
63946,0
37819,0
35969,0
41890,0
50877,0
79320,0
26706,3
44438,3
56153,0
70629,2
53740,2
57003,0
80781,0
28499,0
78375,0
18263,3
26903,1
15416,3
37035,0
61144,0
97822,0
87085,0
44609,0
28394,0
47101,2
14161,3
35856,3
66173,1
76958,0
41530,0
24663,0
76001,0
67242,2
87688,1
55336,0
57712,2
58929,0
79857,2
54107,3
58707,0
6358,0
95194,1
89194,0
91073,0
70118,0
74437,3
93941,1
90938,0
40128,0
50893,2
89418,0
72747,0
43756,2
15104,2
85560,0
65904,1
89719,0
85684,0
17786,0
57853,2
758,0
48107,0
17984,0
6394,0
78037,0
26749,1
53152,0
34614,0
42538,0
16029,0
6297,0
90613,0
29814,1
27083,1
49160,0
37385,0
3445,2
53725,0
2251,0
62346,0
23418,0
43501,1
2385,2
60222,1
11833,0
37828,0
16090,0
37642,0
87981,0
88235,3
82083,0
53031,0
20512,0
85511,0
61588,0
77986,3
27118,0
44395,1
13876,0
17286,1
2288,1
60808,1
58662,3
484,1
55563,0
41496,0
21667,1
71901,0
11448,0
11147,1
25629,1
35539,0
38710,0
88453,0
5645,0
50802,0
91915,0
49970,1
14257,0
10951,0
98505,1
38309,0
46239,0
51973,0
68596,0
10379,0
77702,2
30263,0
84524,0
4553,0
16203,1
30124,0
61131,1
17498,0
65610,0
3605,2
73536,3
47514,0
80799,2
64666,3
73833,0
27801,0
45680,0
26345,0
73853,1
1629,0
47660,0
15088,0
6128,0
99536,0
80307,0
33392,0
9710,2
24896,0
96880,0
30603,0
22501,0
70552,0
97820,0
71031,1
54694,0
36538,1
63929,0
62779,0
89018,2
83880,3
70220,0
20837,0
33827,0
56745,2
6272,0
24976,0
28994,1
31243,0
87331,3
60083,0
21384,0
42976,2
23575,1
87498,1
32249,2
57393,0
45281,2
15235,0
39439,1
27091,0
94082,1
22567,1
17579,0
95044,0
83702,0
43117,0
7591,2
51235,0
62317,0
72573,0
88549,0
97024,3
1879,0
11480,0
37633,0
42577,0
59855,1
21354,3
88160,2
85718,0
57196,0
72883,3
51267,0
64392,0
16759,1
12522,0
88922,2
59838,1
19099,2
47867,0
21824,0
2929,0
47870,2
89218,1
48543,0
6990,0
41165,1
9418,0
77363,0
6440,0
94909,0
26077,3
69418,3
88075,0
92835,2
54514,0
39655,1
29085,2
54662,0
98284,0
39336,0
28414,0
32144,0
55642,0
21660,1
24214,0
22474,1
72081,1
75004,0
85939,0
30090,3
36479,2
36958,0
16866,0
69617,2
95645,0
14203,0
44900,0
77246,0
12752,0
16312,0
10024,1
93400,1
68472,2
18386,1
26755,0
49823,2
69763,3
11261,0
86884,1
84407,0
40278,0
34604,0
52631,0
83689,0
56739,0
83162,0
92705,0
18606,0
46630,0
28080,0
47651,1
19684,0
67368,2
609,0
94597,0
23466,0
95895,2
94505,3
4906,0
62934,0
53624,0
50018,0
23990,3
19013,0
10217,0
88715,1
69382,0
69748,0
27070,3
24527,0
557,0
33582,0
34736,0
85921,0
57126,0
69966,0
18687,0
78021,3
24097,0
7998,0
31591,2
94971,0
84949,0
39301,0
63600,1
47312,0
96301,0
51549,0
45254,0
54705,0
80960,0
6609,2
85650,0
87524,3
32032,1
84972,1
57906,0
69876,0
21253,0
94688,0
96922,0
27120,0
51712,0
79623,0
9678,0
33970,0
71644,1
12058,1
82881,0
38406,3
81682,1
90800,3
6173,3
72473,0
86289,0
83749,0
57818,1
50550,3
20625,3
95234,1
28309,3
91111,3
65078,0
81289,2
47144,0
29631,0
55401,3
83263,2
8063,1
39810,0
8617,1
33238,0
54307,0
99911,1
64271,2
60091,0
64550,0
1437,0
8050,0
31396,0
20908,1
96300,0
42408,0
29880,0
87742,0
15186,3
23126,2
96637,0
11626,2
55711,0
83977,1
97461,0
32316,0
91957,2
7303,3
89079,1
70407,1
16691,0
57779,0
69697,0
81796,2
19957,0
44689,0
43161,0
51231,0
60286,0
73718,3
62763,0
52460,0
56215,0
35149,0
68988,0
81786,3
13738,0
48578,0
58274,2
22969,3
9800,3
17329,0
51701,0
49004,3
26717,1
31567,2
64587,1
9967,0
68836,0
65576,0
13970,1
75754,1
43573,0
33604,3
39222,2
27873,0
44431,0
5671,0
59638,0
9148,0
90325,2
59470,0
72864,1
87164,0
87695,0
82446,3
6156,0
90172,2
75796,0
52554,3
36413,0
37918,0
636,0
5381,0
87589,1
57221,0
30347,0
88425,0
18808,0
5995,0
79727,3
14190,2
86576,0
15982,0
14136,2
37027,2
19499,0
80637,0
53831,0
64084,1
47736,0
21854,0
22990,0
99721,1
25993,0
74639,3
22664,0
68159,1
15945,0
58812,0
13425,0
30997,0
36168,0
80033,0
25944,3
26111,1
89186,0
25177,0
58897,0
59984,1
74665,1
20211,0
76905,0
84342,0
61627,0
26312,2
38194,3
62026,1
69251,1
37955,1
30950,0
72157,0
3437,0
91955,0
69791,0
27749,0
99612,0
8449,0
14853,1
60015,0
34612,0
47017,0
87685,0
34866,0
77997,1
76985,0
8716,0
50710,2
64715,1
41136,1
22509,0
24225,2
80833,0
28717,0
7100,0
77921,0
70230,1
71043,0
63991,0
51325,3
96318,0
4514,0
77678,0
76321,2
90506,0
72744,3
70106,0
78715,0
57588,0
59336,0
92120,0
27068,0
31563,2
68971,0
7875,3
17382,3
13247,0
87508,0
25531,0
78050,0
61039,2
62867,0
70514,0
57202,0
67377,1
45926,0
14502,0
83656,0
1307,3
56328,1
76940,0
48590,0
15374,2
52727,1
27133,0
41186,0
72972,0
70263,0
62295,0
95441,1
88867,3
83420,0
34969,2
8232,1
73499,0
30461,0
13804,0
65477,0
31197,0
24998,1
29188,0
12219,1
38971,0
92726,2
3519,0
47224,0
37728,2
91091,1
81976,0
76588,0
29321,1
31287,0
49268,0
80208,2
13019,2
94884,0
58264,1
10914,1
42335,0
66641,1
17442,0
30734,0
67928,0
41786,0
72651,1
87270,2
22105,0
25575,3
91238,0
79460,0
82482,1
98330,0
84031,0
40950,0
96353,2
33734,1
86961,3
11709,0
3192,0
82158,2
22767,0
47836,1
16605,3
2347,2
31050,1
56398,0
21731,0
22315,0
83928,0
58483,2
57874,0
5940,3
64213,0
16730,1
7541,0
6809,0
32631,1
16886,0
18892,0
15299,0
52876,0
60686,0
20138,0
86530,0
7838,0
38043,0
51522,0
59717,1
87533,0
71135,0
66030,0
47928,0
57114,0
71475,0
63132,0
12819,3
88994,1
12140,2
55367,0
21802,0
40921,0
81724,0
50962,0
71509,0
64769,0
75221,1
91949,0
2458,0
24789,1
54350,2
21994,1
20119,0
87726,0
56074,0
66838,0
68351,1
15272,1
15394,0
86310,1
61165,2
47677,0
49248,1
51576,0
61726,0
7429,0
10032,0
10086,0
85621,0
17370,0
65423,0
46280,0
15138,0
397,0
87724,0
1150,0
79749,0
31108,1
44688,0
11983,2
27361,1
87352,0
71983,2
77974,0
72374,0
84790,0
1788,0
43371,0
86089,2
31283,0
19814,0
20213,0
63406,0
34251,0
15694,0
8753,0
71219,0
80200,1
30062,0
91592,2
30187,1
68093,1
65719,0
99200,2
84833,0
99869,0
94360,1
97499,2
10159,0
65172,0
46338,0
61435,0
77076,0
33899,0
82268,3
97472,0
33898,0
18682,0
77968,2
44817,0
80832,0
18330,0
55447,3
19933,1
70553,0
91960,0
60008,1
77755,0
61236,0
26970,0
64837,0
76921,1
72813,1
48968,1
33832,3
46301,0
75452,0
28755,2
367,0
15326,0
99457,2
17874,0
97550,0
76497,0
86402,3
68247,0
32784,0
17558,0
52158,0
74753,0
52494,3
90900,2
13955,0
96601,3
74405,0
10185,2
57474,0
27555,0
1620,3
76969,0
45373,0
35422,0
47889,0
24316,0
71606,3
40081,1
99669,0
70664,0
52565,2
33360,0
1580,0
73916,0
12983,0
92743,0
86547,0
36108,1
83332,0
19091,1
92727,0
46897,2
56035,2
70577,2
41576,1
85853,0
10785,0
72950,1
61769,0
48265,2
70797,2
36898,0
30798,0
26230,0
40436,0
7399,0
33296,1
14180,1
18971,0
86477,0
20216,0
55263,2
21445,2
21780,0
79509,0
6184,3
4833,0
79588,1
30117,0
47518,0
47298,0
66735,0
58629,0
46079,0
1548,0
67453,3
95845,0
14590,0
16861,0
39271,0
71293,0
67952,1
97274,0
13504,2
1039,0
57939,0
69591,0
77042,0
56333,3
26379,0
21630,0
73859,0
34381,0
80918,0
43676,0
29728,0
2473,2
2997,2
86685,3
19449,0
12730,0
80560,0
67955,0
82898,1
53093,1
15556,0
70674,3
94035,1
83182,2
14750,1
40346,0
54049,1
6386,1
72633,0
20165,0
82604,0
56514,2
83380,0
41080,1
50894,0
55861,1
73923,1
77647,0
4221,0
53449,0
48761,3
72649,0
40567,0
28146,0
38116,2
77630,0
6840,2
44086,3
43290,1
99230,2
88731,0
46021,0
7985,0
57433,0
30275,0
76162,0
62973,0
39764,0
78422,0
16846,0
55527,2
82694,0
72970,0
79852,3
22701,0
19793,1
25630,0
19625,0
82719,1
47583,0
49040,0
88545,0
55193,1
81719,0
75759,0
44102,0
95063,1
63113,0
78851,0
43479,2
17785,0
33732,0
83672,0
53749,1
75052,0
42131,3
93454,0
63256,0
28529,2
68710,0
67725,1
27344,0
62023,1
38580,0
61217,1
28104,0
74538,0
93409,0
55169,0
78203,1
91285,0
65596,1
47955,0
3508,0
57909,0
44259,0
88467,0
95757,0
15178,3
38616,3
14824,3
86949,2
22650,0
60466,1
15895,0
74821,0
34386,0
29797,1
10053,1
75539,0
16143,0
77348,2
5902,0
58278,0
92511,0
17039,1
71041,0
78952,0
92277,0
63778,3
19211,0
64788,0
74223,0
25799,0
97253,0
79686,1
22461,0
81239,2
20858,2
60468,2
43215,0
87572,0
72796,3
21304,3
4789,1
22960,0
14227,0
84480,0
97158,0
44464,1
94550,0
55283,0
21413,1
64748,0
5128,3
80335,0
44278,3
21319,2
53037,0
10626,1
40735,3
62065,1
17297,0
28126,0
63860,0
32214,0
20645,1
25344,3
42925,3
22162,3
37675,0
53129,1
63480,0
6970,0
88682,2
70721,0
38342,1
4557,0
39736,2
19919,1
35092,0
26492,1
48439,0
63302,0
69745,0
26195,1
94825,0
67096,0
60255,0
52221,0
61272,0
69995,1
36649,1
85110,0
39490,3
60505,1
1013,3
82892,0
85925,0
38762,0
56415,0
65640,0
55949,0
69851,3
902,2
9459,0
44857,1
44488,1
66337,1
76288,0
24445,0
46547,0
97169,0
4216,3
58659,0
23793,0
54155,3
60517,0
68313,2
12302,2
25605,1
59069,0
74947,0
38005,0
35185,0
76802,0
26639,0
23491,0
84929,0
60598,1
86498,0
22258,2
81514,0
70725,0
99705,0
88706,0
66774,0
16140,0
56503,0
84216,0
49018,0
12226,0
4910,0
27033,1
85550,0
52065,2
38384,0
85754,0
26656,0
83045,2
80594,2
91203,0
45822,0
92997,0
86779,3
22239,0
26136,0
57509,0
50336,0
88124,1
87305,0
58613,0
77419,1
47088,0
33211,2
53832,1
74049,0
81721,0
29719,0
70439,0
25692,0
57408,0
43943,0
61072,0
54180,0
89417,0
59758,0
27384,0
19039,0
34941,0
70736,0
94359,0
97162,0
25114,0
89379,0
33025,2
76375,0
62942,0
96128,0
86901,0
14599,0
470,0
26386,0
62646,0
81384,0
53216,0
61339,0
33340,0
17932,0
72582,2
7140,0
42726,1
36336,1
93864,0
65467,0
82053,0
55088,0
258,0
24856,0
73373,0
79754,0
30326,0
87055,3
10155,0
64412,0
57439,0
82193,0
82408,0
58520,0
38530,3
32963,0
47770,0
66906,2
88674,0
98198,0
58113,0
66289,0
85226,0
47763,3
97476,0
6798,0
52906,0
57732,2
64589,0
53289,0
95944,0
61426,0
6859,0
3700,2
57858,0
8036,0
39467,0
94807,0
6706,0
39612,0
2383,1
30401,0
43723,0
31418,0
21174,3
19488,1
65616,0
68224,0
32162,0
30108,1
98008,1
53827,1
33306,0
23323,0
76694,0
77623,0
11407,0
98780,0
37429,1
32147,1
16497,0
81360,1
28516,1
44357,0
48609,0
36151,3
47317,0
93722,0
42264,0
48010,0
8999,0
77020,0
85481,0
55371,1
25948,1
30582,0
43594,0
20496,0
58561,0
36054,0
91327,0
65388,0
27420,2
47783,3
29306,0
39962,0
20389,0
4640,0
66008,0
25510,0
14518,0
9392,3
63520,0
97798,0
17691,1
62324,1
50189,0
40766,2
70137,0
77530,1
29932,0
42514,0
67885,0
66254,0
59837,0
19872,0
28097,0
21871,3
41048,1
31394,0
95122,0
71386,0
91127,2
49783,0
48923,0
89790,0
54072,0
37643,0
24159,0
93347,2
19006,2
94034,1
54345,1
44147,0
89408,1
15241,0
24403,0
88058,0
68121,1
35363,0
55524,0
82982,0
76804,0
16091,0
38920,2
68496,0
96429,0
29305,0
61718,0
13967,3
67062,3
15797,3
87569,3
38320,0
16664,0
32611,2
53446,2
67555,2
80013,0
42181,0
46719,1
42803,3
32908,0
69792,1
38607,1
204,0
64349,0
41623,1
28294,1
41612,0
11974,3
24887,0
50548,0
56061,0
14847,3
50124,2
14076,0
24784,1
49359,3
22774,0
6044,0
47778,0
36103,0
7804,0
79920,3
21485,2
70524,2
37776,0
77792,2
87799,0
96216,0
42293,0
56366,0
89555,0
83201,2
61702,0
85145,0
13508,1
62284,1
18692,0
42258,0
9594,1
95461,0
26972,0
27066,0
2705,0
16598,0
82272,1
20610,1
13626,2
46321,3
80197,2
57316,0
6610,0
49994,1
76373,0
30565,1
45444,0
64844,0
60344,0
95723,1
12360,0
50729,0
61849,1
62128,0
36807,0
85579,0
83097,0
90798,0
94447,1
73662,0
2020,0
77019,1
57304,0
44058,0
641,0
81060,0
11222,0
56427,0
69204,0
3045,0
25594,2
14553,1
70660,0
92025,0
55351,0
79204,0
35790,2
52928,0
78587,0
54578,0
60135,0
51141,1
24387,1
89688,0
68760,0
51593,0
72664,0
26760,0
80437,0
80390,0
58664,0
82965,0
78547,1
11323,0
6378,0
7736,0
76314,0
7232,0
88003,0
10096,0
34586,0
45774,1
86990,1
81799,0
97968,2
97240,0
60611,0
95271,0
85721,0
43993,3
41602,0
95230,0
26636,0
85803,0
26347,1
99861,0
39862,0
80821,0
37929,0
3384,0
47416,0
17901,0
62560,3
17717,0
7317,0
66667,1
46663,0
24260,0
6053,0
90970,0
30327,3
37897,0
68106,0
58124,0
65450,0
24513,0
98617,0
50041,2
7561,0
96214,1
80047,3
95487,3
65443,0
83770,2
54684,0
64470,3
88011,1
93279,0
883,0
14529,0
29213,2
80615,2
23727,1
37422,0
10388,2
76043,0
5787,0
8994,2
69621,0
65268,0
17196,0
81425,0
32617,0
16182,0
94230,0
43526,0
50559,0
13390,0
54974,0
50047,0
22071,0
60396,2
78890,0
34308,1
40812,0
26596,0
51322,0
61050,0
43690,0
51595,0
42677,0
91294,0
42941,0
67390,2
99046,0
33479,0
94285,0
59169,2
71206,0
54837,2
96772,0
72778,0
77505,0
70421,0
13648,0
12401,0
40985,0
72113,1
85204,0
21377,0
49951,0
81377,0
60467,1
68703,1
78071,0
29137,0
30321,0
91812,3
61539,1
42891,0
81357,0
34783,2
86304,0
79161,1
21611,0
27591,0
38302,0
67588,0
96610,0
11810,0
12866,1
46887,0
33681,0
4269,0
19225,3
48426,0
8512,0
15826,1
74655,1
65033,1
43890,0
34980,2
6517,2
19710,2
87053,0
14240,0
48290,0
89686,3
80816,0
64417,2
4968,2
82738,0
45553,0
56789,0
80183,0
62664,0
94158,3
42106,1
96408,0
58304,0
38546,0
69515,3
43070,0
31125,0
47782,0
33562,0
89113,0
139,0
3267,1
48759,0
94111,2
90388,0
51961,0
43150,0
61424,0
79085,0
62489,1
60194,0
56983,0
84985,0
27231,1
47756,0
71290,2
99834,0
76572,0
38585,1
11980,0
60392,0
9095,2
7013,0
2333,3
3832,1
11747,0
97377,0
9163,0
37667,0
34156,0
35209,0
11638,0
5951,0
82357,0
69235,3
92791,0
55742,1
71271,2
159,1
58256,0
66376,1
35291,0
34144,0
24458,0
87490,3
93810,2
98722,0
24798,0
86542,0
45528,1
37658,0
10338,0
21221,0
62864,0
72290,1
1404,0
46778,2
13922,0
38044,1
30034,0
1847,1
98855,0
19977,0
99525,0
29484,0
77733,0
16982,0
3054,2
36102,0
62902,2
64572,0
21951,1
58151,2
84397,0
41422,3
29250,1
50364,1
49079,0
9631,2
14032,0
9266,0
72642,0
68227,0
21331,1
4875,0
89656,2
90348,0
42871,0
15911,2
70808,0
96682,0
4346,0
13630,0
3747,0
43384,1
88049,0
81959,1
46578,2
31381,1
46443,0
38841,0
52597,0
87171,0
46930,0
97983,2
46702,1
16464,0
5665,0
24151,0
71558,0
53672,0
26806,0
6114,0
64163,3
31880,0
4879,0
19995,0
29812,0
31633,0
52240,1
3496,3
55875,0
64233,1
56139,0
59377,0
8989,0
6296,0
88675,0
75646,0
41769,3
27165,0
61376,1
87869,3
26834,1
87672,1
93785,1
87198,0
44631,0
88506,0
53789,1
94583,1
18273,0
10391,1
43195,0
52389,0
39756,0
16839,1
93068,0
28331,0
37255,0
39933,1
77137,0
9737,0
40341,2
42602,0
83059,0
62574,0
60947,0
6097,0
22646,1
1401,0
16196,0
1395,1
63983,0
57094,0
66292,0
33335,1
166,2
93809,0
18894,0
39635,0
81571,0
78811,2
70803,1
1367,0
32053,2
46999,2
70083,0
40535,0
77809,2
16726,1
28255,0
58734,0
57663,3
21014,0
31681,0
14081,0
69623,0
44178,0
2466,0
6004,0
40955,0
52148,1
90590,1
43515,0
63973,2
15751,0
77107,0
48306,0
18008,0
17635,0
56563,0
79236,2
33901,0
57476,3
51216,2
39400,0
93904,0
72185,0
35022,3
85404,1
23447,3
65206,0
64657,0
93687,3
12393,0
1747,0
20082,0
81953,0
32109,0
56034,3
82977,2
2338,2
34242,0
6057,0
36710,1
72389,0
75247,3
19268,1
36343,0
27116,2
93312,0
37739,0
87208,0
76570,0
81885,0
91443,3
68886,0
88396,0
74561,3
42114,0
88999,0
76563,3
21394,0
56000,0
66093,0
60863,1
53377,1
51967,0
54116,0
10378,1
74197,0
82625,0
22863,0
83300,0
4676,0
63198,1
11253,0
3581,2
25453,0
49789,0
52381,0
4288,0
12465,0
33903,0
36279,1
86984,0
50949,1
12272,0
20766,0
1293,0
49391,0
96804,0
46363,2
73261,0
70082,0
90837,1
18986,2
63635,0
63147,1
86808,0
56441,3
28978,0
9570,0
86423,0
31717,0
61493,3
25015,0
64828,1
71308,3
73845,0
55709,0
70050,2
5907,1
39973,1
88701,0
88153,0
99231,0
5562,0
65891,3
21281,0
75296,3
13575,1
47956,0
70704,0
73523,0
74101,2
23064,0
56652,3
9627,2
79987,0
49965,0
18269,0
90944,0
62114,1
80361,0
54147,0
58690,0
34808,0
73987,0
553,0
13359,1
4624,0
64191,3
41066,0
69022,0
36769,0
48804,2
66861,0
95913,0
98927,0
35737,3
54719,1
20151,0
4172,0
61273,1
10931,0
7889,0
32540,3
50022,0
35077,1
17589,0
55372,2
85552,0
16071,0
31741,0
3319,0
90857,0
3367,2
653,1
69283,0
26523,2
93757,1
85561,0
47814,1
28253,1
61262,0
55941,0
74171,1
32079,0
87275,0
62127,2
10904,2
7955,0
88509,0
18924,2
68219,0
97855,0
4812,1
39067,0
59635,1
73328,0
49452,0
6761,0
24420,0
20482,0
67628,0
71365,1
41453,0
1932,2
64037,1
84764,0
48948,0
73526,1
11758,0
62754,0
89652,2
69504,0
93551,0
90677,0
11736,0
22074,1
54743,0
95898,2
29194,0
50312,0
78942,0
78371,0
58963,1
75545,3
8615,0
29723,0
56172,2
96473,0
20989,0
85377,0
45739,0
42788,0
11574,0
61665,0
78113,0
16223,0
22663,2
2044,0
58230,2
32262,2
42367,1
5158,0
24961,2
30497,0
22860,0
76434,0
28673,2
25612,0
26145,0
79119,0
63201,0
75469,0
42509,0
4877,1
93906,0
84224,1
8527,0
22101,0
62447,0
3015,1
90721,0
8279,1
21392,0
93928,2
13664,3
70971,0
2380,0
43378,2
43428,0
58371,0
37341,0
84563,1
15574,2
46624,3
51502,2
91130,0
12859,2
81274,0
35849,0
65607,1
1236,1
63747,0
89658,0
57051,1
29374,0
76059,0
48783,0
64971,3
6490,1
89823,0
46874,0
88333,0
83828,1
49516,2
52264,3
26828,1
43352,0
21216,0
92007,1
58547,0
29924,0
97823,0
53522,3
72022,0
65393,0
89249,3
46806,0
40944,1
20137,1
63862,0
34096,0
22309,0
80182,0
85908,2
6085,1
42395,1
27692,0
4148,0
11669,0
49671,2
10555,0
94258,0
60708,0
83580,0
18912,0
24090,2
47638,0
41463,1
34127,0
99654,1
92036,1
25235,1
87011,0
19315,0
25748,2
90051,0
52593,1
10451,0
37064,1
69523,0
82362,1
32769,3
23678,0
73264,1
73400,1
88938,1
2944,3
35317,0
11571,1
83432,0
86230,0
81783,0
31374,3
9283,3
60314,0
76126,2
21153,0
36932,0
52954,1
78990,0
45488,0
60065,0
70149,2
13879,0
77280,1
5216,2
543,0
88136,1
42316,0
29339,0
81366,1
81388,0
5039,0
85611,0
12491,0
61641,1
55043,3
98260,0
38906,3
97347,0
73172,0
193,0
36729,2
13857,0
78684,2
23726,1
25472,0
52299,0
49051,0
30538,0
71962,0
19676,0
32072,0
34531,0
18167,0
31930,3
34696,0
1741,0
45825,1
64493,0
79893,0
64970,0
43979,0
55749,0
70831,0
43496,1
64636,3
8106,3
43247,2
8202,1
53606,0
82950,0
71333,0
25738,3
48754,3
42586,3
56111,0
46765,0
34734,0
98970,0
96059,0
20144,0
36321,0
78455,0
98842,0
63551,0
59718,1
33726,0
56539,0
37222,1
58962,0
71302,0
90639,0
43493,0
35651,0
51045,3
75229,0
11217,0
59464,0
99522,0
88452,0
8508,0
48786,0
45345,1
73817,0
22161,0
24589,0
74028,1
48448,1
90271,1
96274,0
48449,3
61568,2
78764,1
70104,0
45226,0
13962,0
31031,0
47076,0
5237,3
11646,1
21603,2
15842,0
54063,0
61227,0
59277,1
9976,2
81942,2
83048,0
18270,0
66253,0
26802,0
45976,0
13861,2
98473,0
61434,0
72566,1
34793,0
90232,0
96551,0
56426,0
34258,0
78068,0
32068,0
52106,0
29051,0
27024,3
5342,0
60566,0
94531,1
62169,0
73498,0
13779,0
21151,0
59255,0
41517,1
31769,0
70990,2
70986,0
56884,0
33664,0
59408,0
67303,2
27041,0
95650,2
39976,2
933,2
58378,0
60327,0
68855,0
24009,0
32951,0
5796,2
85812,0
69333,0
45786,0
99728,2
98924,0
60232,0
49832,0
48105,0
36444,1
54377,1
58715,0
64424,1
82007,0
94332,2
68338,3
20202,0
71945,0
38769,1
47975,1
76371,0
97453,2
8864,2
5884,0
76149,2
44583,0
32574,0
11847,0
71356,0
25135,0
22901,0
10494,1
10148,0
84236,1
53306,0
17162,0
5669,1
95674,2
1714,0
53481,0
86499,1
58312,0
75275,0
58280,2
53458,0
98627,0
17907,0
38553,0
13420,0
45322,0
88903,2
96892,0
17222,2
98716,0
70830,0
15206,0
69620,0
36888,0
63740,0
88710,0
86733,1
23020,0
89109,2
9814,1
22046,0
66978,0
30714,1
19359,1
70657,0
3820,2
6189,0
49233,0
13694,1
368,0
53472,0
40519,0
3826,0
30315,0
21528,0
56747,3
57702,1
93533,0
93745,0
50763,0
32980,1
77007,0
57322,1
12114,1
68924,0
64549,0
78156,0
1423,0
79966,0
66846,1
44613,1
57526,0
93059,0
59325,0
59416,0
8130,0
9105,1
84125,1
65427,1
56444,0
14555,0
77629,2
63167,0
29104,0
16852,0
58758,0
17855,0
19744,0
89998,0
28446,1
52687,0
56493,1
41750,0
3492,0
42678,1
63379,0
43611,1
83433,0
64912,0
55330,1
90174,3
82842,2
11585,0
4184,0
39282,0
89301,0
75064,0
7018,0
53536,0
16129,0
56030,1
62046,1
51523,0
20009,0
67021,0
79682,3
74386,0
76076,0
59659,1
12417,0
39279,0
23937,0
69116,0
89627,3
41952,0
35361,0
19519,0
99605,3
14548,0
58226,0
32498,0
93178,0
42789,0
32379,0
1255,0
33540,0
90709,2
84443,0
79200,0
38526,0
16603,1
24682,0
13536,0
71616,0
62983,1
94243,0
62874,0
12837,0
11425,3
14038,0
64294,0
1972,3
72928,0
58606,0
40781,1
67795,0
49343,0
19462,2
6210,0
42234,0
23536,0
97266,0
59786,1
51233,2
83765,2
3370,0
41349,3
54282,0
6160,2
91513,0
78397,1
43370,0
36392,0
4414,0
11821,2
70709,0
29666,0
25896,0
56710,1
86645,0
64307,2
19448,0
85135,0
97714,2
9861,0
66975,0
42875,0
6819,0
25753,0
74254,0
25240,0
15162,1
32764,3
45493,2
72537,0
14758,0
43803,0
28121,0
76432,0
11335,0
19168,0
49443,1
39785,0
56575,0
40013,0
18165,1
83687,1
13022,0
24796,2
19681,0
93662,0
94992,3
49244,0
71784,0
19253,0
9386,0
81183,0
80074,3
69129,0
52450,0
7407,0
24546,0
79278,0
44304,0
84245,3
22671,0
56275,0
35133,0
91941,0
18023,2
53466,2
743,0
97635,2
51776,0
64150,0
86818,3
7535,1
91250,2
84700,1
57962,0
27053,1
23350,0
4635,0
68955,0
3730,2
68164,0
96741,0
98407,0
54591,0
53991,0
17988,0
41215,0
93976,2
70907,0
5042,0
14822,2
71689,0
83706,2
34336,0
53344,3
64584,0
38873,3
1029,0
5182,0
37542,1
97512,0
76040,0
73631,0
22931,0
20445,1
89385,1
92161,1
84734,0
19089,1
40586,0
75575,0
54929,0
66833,0
18691,1
23434,0
99755,2
56990,2
2191,1
25062,1
74916,1
52666,0
14681,0
19530,0
85830,0
75126,3
94811,0
10548,0
46929,0
89015,0
44993,0
21798,1
80879,0
69863,0
87776,0
27935,0
57996,0
46620,0
28623,0
15788,1
45307,0
24847,2
59665,1
19847,0
68439,0
34790,2
70791,0
94244,0
3606,0
30807,0
28895,3
56438,1
30106,0
13241,3
44276,0
16922,1
39921,0
39201,0
20440,0
81651,1
97165,3
40496,0
64404,0
38286,0
72111,0
21761,1
87689,2
63255,0
74120,0
38648,0
41911,1
73314,0
91686,1
67680,1
63335,3
35076,0
16675,2
27629,1
18766,1
60167,3
32096,0
19662,0
5190,0
64888,1
51721,0
94098,0
29829,0
44901,0
40882,0
99609,0
27199,0
25261,0
53577,0
16560,0
47471,2
94848,3
12607,0
75781,0
98896,0
76112,0
62812,0
46008,0
99025,0
3144,0
75737,0
40171,0
30624,0
92357,0
10362,3
98692,0
55731,0
61250,0
11853,3
34996,3
40594,0
32947,0
45472,0
88895,0
76887,0
89852,0
8851,0
44906,2
65498,2
59,3
80042,1
91262,0
54177,1
43576,2
14249,0
27693,0
81464,0
68142,0
21684,0
53133,1
17854,0
45795,0
69714,0
64703,2
64974,0
41197,1
14323,0
94841,3
6026,0
47214,0
50502,0
53308,3
64199,0
73288,3
25233,2
3618,3
93140,0
17281,1
85998,0
82697,0
74340,0
18716,0
90171,0
6579,1
36971,2
27151,0
29417,0
23674,0
43615,0
38917,0
78627,0
22173,3
51022,2
96139,0
48955,0
73022,0
17961,3
95347,0
68102,3
92863,1
93200,2
73678,0
6697,0
95981,1
8360,3
80760,0
29408,1
96956,0
68899,0
17077,0
56422,0
40797,1
77947,2
18727,1
80187,3
9041,1
72024,0
67869,2
14333,0
47921,0
72161,0
71829,3
78958,0
87020,0
68124,0
54547,2
17428,0
2130,1
47334,0
76330,0
78447,0
64217,0
73896,0
26556,2
28887,0
41514,2
42022,1
26007,0
63121,0
28630,0
91055,3
18847,0
75866,0
30583,3
49672,1
12479,2
97051,0
51376,2
76430,0
27690,1
33334,1
57678,0
63647,0
39829,1
18433,0
58695,0
71820,0
38830,0
25988,0
930,0
50070,3
66566,0
89150,2
73299,3
13591,0
89052,3
92436,3
84330,0
16139,0
35017,1
99839,0
41132,0
39757,0
46191,1
52470,0
88155,1
17441,0
24477,0
78485,0
16573,1
68684,0
35531,1
85643,0
4707,0
83357,1
6199,1
74638,0
36201,2
4022,0
33461,0
89118,0
76295,0
75351,1
78076,0
64486,3
92525,2
72484,1
40707,3
49808,0
28833,0
59168,0
617,0
83665,0
26060,0
98918,2
64396,0
38021,1
50415,0
35293,0
6218,0
68849,3
66005,0
2108,0
18664,0
27153,2
63133,0
99622,2
74317,0
80529,0
79921,0
78029,3
11752,0
13931,1
26274,1
9265,0
49784,0
86449,0
23885,0
23742,0
52311,3
58778,0
26483,0
53870,0
98564,0
64877,0
3056,0
2437,0
68754,0
13343,1
27084,3
5056,0
77879,0
27947,0
9232,0
2102,0
13239,1
68600,1
66096,0
51934,0
16064,3
41179,1
53570,1
70870,0
29461,0
66274,2
25952,3
43455,1
32629,0
41828,1
46598,0
36100,0
21989,0
35640,0
53584,0
81685,1
38552,0
6037,0
40934,0
10912,1
32512,0
67026,0
91626,2
90748,2
10595,0
63315,0
39504,0
36051,0
39479,0
1503,0
61730,0
37858,0
55898,1
58432,0
74850,3
79602,0
84235,0
15038,0
82754,0
89702,0
17220,0
12415,0
16505,1
27759,0
38760,0
97712,0
93308,0
64078,0
58299,1
84154,1
9425,2
48371,0
33401,0
1145,0
61590,1
72561,0
74031,0
37951,0
92970,2
10973,0
69527,0
8670,0
73785,0
60262,2
83751,0
19663,0
21596,2
65044,2
21451,2
30443,0
10740,0
96478,0
70245,1
43039,0
58655,0
38351,0
71,0
99106,0
41556,0
78374,0
71042,0
89272,3
90056,2
62827,0
72809,1
61284,0
87443,0
10071,0
14399,1
31391,0
81962,0
51386,0
70777,0
68586,0
86381,0
50058,2
52176,0
24438,0
18705,2
7485,0
74491,2
4987,1
2065,2
26711,0
73454,0
13050,0
70311,1
63056,2
34774,0
51458,0
99433,0
43142,1
19788,0
95206,0
55016,0
6640,0
76094,2
46659,1
46374,0
23736,0
62728,0
6647,0
71231,3
5923,3
51899,1
17267,2
49814,0
8429,2
19427,0
40217,1
68319,0
4888,1
14960,3
57752,0
24088,0
69908,0
17565,3
20175,1
93954,0
63668,1
67139,0
58772,0
19888,0
33526,0
66259,0
76046,0
65285,1
30542,0
167,1
22122,0
3611,0
46143,2
25655,3
74038,2
84014,0
45319,0
83648,1
88796,1
92854,0
98366,0
94419,0
34530,2
86742,2
86769,0
81469,0
91043,3
52243,0
9259,2
23296,0
76736,0
74157,0
45731,3
28804,1
12995,0
53196,0
62695,0
74958,1
79368,0
82790,0
29714,0
96474,0
15575,1
1172,1
53975,0
68902,0
690,2
92137,0
82237,0
7393,1
41273,0
4589,0
80943,0
24811,0
15309,0
47761,0
22982,3
81450,3
24235,0
54207,1
56326,3
89190,1
34651,3
87752,0
67025,3
15553,0
3369,0
32749,2
81894,0
26322,1
39404,0
1838,0
35068,1
37030,0
53230,0
62362,0
3735,0
43664,0
82281,1
83658,0
94011,0
45023,0
50989,0
35868,0
33683,0
68680,1
27774,0
91510,0
14618,2
3229,0
98287,0
69773,0
95251,1
13462,0
18601,3
19868,0
36270,0
69502,0
36213,0
98811,0
48599,1
69889,2
31696,1
38290,0
5394,0
87283,0
91129,1
35606,0
75903,0
20408,0
33410,0
81370,1
46664,0
62977,0
99453,3
25995,0
44625,0
62377,3
32064,2
67439,0
34961,0
70392,0
39197,2
16105,1
17300,0
12004,0
59006,0
40643,0
41975,1
65806,0
59200,1
28091,1
56569,0
72828,3
82486,2
3335,0
91947,0
3443,1
44509,0
20511,0
34065,0
4778,2
21078,3
20330,1
28208,0
54392,2
80405,1
31804,0
8542,0
65490,0
38109,3
39275,0
4706,0
73126,0
28447,0
62697,0
44770,1
89345,1
86026,0
93583,0
12760,2
24014,0
97074,0
34443,1
65516,0
91206,0
68859,1
24256,0
62252,1
2762,1
73174,0
24610,0
29787,1
854,0
75389,0
60563,0
78826,0
56615,1
51399,0
27313,1
81107,2
52772,0
75083,3
40760,0
7452,1
37302,0
49610,3
49805,0
27905,1
16668,0
75706,3
99557,0
47072,1
38128,0
95841,0
79508,0
14210,0
89637,1
17683,0
86410,0
87786,1
96807,0
18347,0
9875,0
46362,3
11204,0
71514,0
5193,0
94328,0
3725,0
86629,0
93727,1
84727,0
72623,2
89877,0
96320,0
13924,0
22176,1
30747,0
34106,0
34117,0
76553,0
80180,1
98954,0
7308,2
60209,0
94079,1
63394,1
68335,0
76213,0
7149,1
83352,1
51710,0
25311,0
45253,2
96612,0
98353,0
72176,1
59260,0
1653,2
2459,0
39278,1
98963,0
63260,3
11039,1
18309,0
48678,0
57911,0
44416,0
30697,1
99432,0
58030,0
55713,0
75583,1
68990,1
939,0
99979,0
27754,0
18084,0
89378,0
86034,0
72639,0
2176,1
13400,0
10257,0
42841,3
70016,0
51160,0
63397,0
10838,0
73972,0
62042,0
63963,1
14983,0
52921,0
55612,0
15318,2
58742,1
40147,0
12944,0
58596,1
40302,0
97354,0
75111,1
35602,0
93734,3
76575,0
93884,0
24987,0
95244,0
35771,1
534,0
68508,0
26366,0
78370,0
81654,1
29785,0
68246,2
59469,0
17477,0
43665,0
33828,0
68900,0
13181,0
83745,0
19049,2
25061,0
64667,0
52167,1
40462,1
18629,0
30955,0
32863,0
56157,0
48251,0
49861,1
88537,0
18503,0
19235,0
85827,3
24257,0
86391,0
83133,3
22339,0
4757,0
84285,0
13052,0
91905,0
71656,0
5217,0
96758,1
14246,0
23823,0
90966,0
39419,2
25266,0
49523,0
91519,2
49977,1
27284,1
79582,0
40751,0
79585,3
62616,3
46,0
30793,0
54425,0
89932,1
98192,0
98333,0
49405,0
73668,0
95619,2
83750,1
45287,0
92802,0
38498,0
62277,2
56178,0
18786,0
67751,0
18244,0
98689,1
79830,2
74245,0
1438,0
72194,2
2363,1
8891,0
20304,0
94336,0
23028,0
34814,0
88512,1
97585,0
92796,0
36507,0
81265,0
17378,0
86378,0
84937,0
59399,0
91635,0
70250,0
27267,1
75763,2
98967,3
39038,2
27644,0
3396,0
16341,1
37631,1
32722,1
69512,0
72811,0
54969,0
84223,0
78225,3
45928,0
13313,0
8368,1
78395,0
2195,0
90866,0
55774,0
98010,0
29440,0
65147,1
69048,1
50192,1
60058,0
27256,0
12888,0
62951,3
54985,2
77224,1
41783,2
38445,0
46381,0
94141,0
53193,0
76734,0
9236,1
73935,0
5027,0
251,0
98395,1
14752,3
57626,0
9374,0
54404,0
96481,0
76647,0
90987,0
90691,3
21559,0
80996,0
14357,0
87125,0
9019,0
52723,0
40502,0
12818,0
12518,0
24051,0
35644,0
67052,3
9182,2
19728,0
99152,2
43308,0
19102,0
26194,3
64351,0
93165,0
35505,2
41846,0
10952,0
59824,0
50356,1
40806,1
1340,0
66434,3
34346,0
15543,0
7825,0
97175,0
40720,0
76300,1
53504,0
62303,2
3533,0
83754,3
33212,2
34571,2
8662,0
65716,1
68317,0
69011,0
24308,0
73423,0
96990,0
62452,0
69587,0
84400,0
36789,0
57027,2
3028,1
2447,0
72597,3
33300,0
26456,1
43725,0
82886,1
70455,0
94774,3
407,0
61751,0
11788,0
83213,1
53238,0
76963,0
48110,3
69216,0
12546,1
84152,2
7144,2
29537,2
25776,0
19243,0
62407,0
98275,3
47496,0
28629,0
36918,0
78339,3
23570,2
43711,0
43785,0
71797,3
39759,0
12856,0
59232,0
78992,0
91789,0
82723,1
74226,2
48756,1
55800,0
25873,0
63809,0
36854,0
95163,2
2388,2
71061,0
8110,0
59971,3
42900,0
92803,2
75421,0
80869,0
61562,3
71633,0
32011,0
13451,3
98763,1
6031,0
98357,2
27960,3
21150,1
83634,0
78640,0
65217,0
63601,0
83205,2
20717,0
88261,0
7015,0
90667,0
9496,0
8090,0
74486,0
83085,0
21502,0
15405,0
34036,0
14259,3
48691,0
42484,1
89777,0
46597,3
16016,0
8901,0
87619,2
86131,0
86273,0
72385,3
31542,2
50923,2
65321,1
70972,1
66530,1
27331,1
63378,0
43535,0
90924,0
82986,0
90967,0
33488,0
33348,3
34393,1
34434,0
95153,0
72359,0
70029,1
76664,0
42321,0
94792,0
37537,2
38236,0
40583,0
99478,0
23302,0
29030,0
18349,1
49108,0
98095,1
75128,1
47708,0
37459,0
44396,0
25677,1
92478,0
17810,1
81362,0
48523,0
26933,1
49053,2
82183,0
83444,3
88481,0
31322,2
62980,3
8745,1
54472,0
8945,2
18028,0
34423,1
4169,0
34894,0
39253,0
40975,1
47152,1
90738,0
1351,1
43865,2
74508,1
98477,0
68131,3
17569,0
85958,0
57195,1
33938,1
54336,0
53412,1
11558,3
25473,1
85000,0
2465,0
9263,1
87210,1
93224,0
50068,2
18022,2
59911,2
20771,0
73707,0
27730,3
16185,0
38041,3
11925,1
87987,1
77043,0
38437,1
17122,2
41768,0
67148,0
81731,0
75702,3
18999,0
34380,0
1032,1
67402,0
81059,2
65202,0
97270,1
34743,3
50744,1
22170,0
53348,1
51790,0
56478,0
85322,0
84065,0
48702,0
477,0
30534,1
20092,0
25146,0
24703,0
28730,0
75429,0
67631,0
86095,0
89872,2
3552,3
13064,0
25152,1
47405,0
15808,0
1979,0
4012,0
18358,0
36615,0
63410,0
86096,0
59283,2
71397,1
60699,0
25726,0
46568,0
60173,0
43225,1
66532,0
85784,0
81893,0
82897,0
83130,0
13132,0
36829,1
49538,0
1574,0
661,3
85891,0
30427,0
69312,0
97055,0
87291,3
99006,0
94192,2
37070,0
11360,0
60709,0
8711,0
41700,0
9946,0
92244,0
87796,1
79053,0
94039,0
73160,0
90394,0
7583,0
8584,0
5859,0
30357,0
64190,2
10456,0
38196,1
75470,2
61403,1
440,0
33912,0
87322,0
1209,2
6872,1
23419,0
56091,0
43810,1
80332,0
98885,0
99917,2
59845,2
33480,0
97040,1
52108,1
3682,0
85722,0
55851,0
99554,0
71526,1
1142,0
28268,0
37399,0
48309,1
34493,0
96234,3
67980,0
48886,0
13935,0
77379,1
56657,1
42098,0
90183,0
25332,1
95205,1
91735,0
60111,3
16212,0
26014,0
53769,0
96315,0
1511,0
6520,0
49010,1
47545,0
34523,0
19291,0
32235,2
26961,0
56252,0
55718,0
62157,0
83848,0
65099,3
36071,2
30174,0
45378,0
19559,1
58008,0
97951,1
29166,0
37557,1
29492,0
64599,0
73118,0
73829,1
71838,0
38057,1
20934,0
94339,0
28494,0
75260,0
34799,0
41974,1
25533,1
18424,0
27876,1
45087,0
53625,0
34958,0
68151,0
81262,1
95430,0
94758,0
12039,0
63525,1
98624,3
79083,1
88183,2
43727,0
24893,0
24634,2
3478,1
26721,1
84981,0
57872,0
12473,0
26782,0
87276,0
21313,0
18855,0
36555,0
39072,0
54320,2
16825,0
71564,0
51656,0
46793,0
80410,0
5010,0
9451,2
57425,0
28647,0
25886,0
18765,2
49524,0
35649,3
22643,0
38750,0
92491,0
70147,0
14972,0
12158,0
96495,0
99804,1
83194,1
50998,0
51695,0
51642,1
46187,0
44329,3
65946,0
50852,0
43441,0
60826,1
98758,0
27096,0
8248,2
12720,2
45644,2
21600,0
43845,0
56695,2
30528,2
86889,0
78228,2
8578,0
52175,1
98356,1
54036,2
31488,1
18893,3
60968,3
2420,0
2355,1
43637,0
56155,2
23405,0
4440,0
61598,1
42649,0
26652,0
97824,0
59120,2
96535,0
20368,0
90670,0
77897,0
72871,0
29448,0
16458,0
10384,0
74517,2
66082,0
43211,0
69600,0
2597,0
83115,1
58072,2
12755,0
3172,2
80909,0
4971,0
44318,3
60202,1
47757,3
3228,0
38563,0
80389,0
48292,0
57081,0
19838,0
55843,1
30374,0
33398,3
49083,0
79428,3
38849,3
68553,0
78423,0
71666,0
29642,0
13450,0
99764,2
58635,0
90756,1
77452,0
40201,0
25107,0
24298,0
26057,0
1997,0
38736,0
91478,1
31092,0
37792,0
25429,0
93743,1
45269,1
36095,0
77576,0
89252,3
27640,1
44516,1
64099,3
79252,2
19707,0
96395,1
31917,0
85033,0
34590,0
47115,2
4101,1
43508,0
82597,3
71914,0
71754,0
41729,0
50646,0
80804,0
24283,0
36670,0
68176,0
80056,0
59318,1
26794,2
6279,0
53867,2
59829,0
48432,0
87035,3
95466,0
50621,0
24494,0
433,2
98291,0
9819,0
15202,2
22514,0
13501,0
77492,0
10108,0
23441,0
30020,0
53586,1
34489,1
94276,0
20920,0
54937,0
78707,1
60488,0
99396,0
53868,0
14515,0
62840,3
7458,0
14744,1
83808,0
97877,0
18043,0
70002,0
8860,0
44738,0
52166,1
89210,0
28756,0
7001,0
23500,0
45783,3
98421,0
4705,0
93653,2
39645,0
74004,0
33905,0
19191,1
22135,0
93288,1
51234,0
81996,0
263,0
12043,0
34319,1
99352,0
23308,0
33268,0
70141,2
14047,0
77074,0
51066,0
45631,1
93835,1
71464,0
96654,0
52294,0
56209,0
72481,1
23316,2
22042,0
98080,0
11624,3
41767,2
10649,2
18141,0
93026,0
41784,0
69207,0
84229,1
97010,3
16790,0
86836,1
39878,0
87815,0
77065,0
24888,2
6417,0
22330,0
49188,0
84415,2
73932,0
96305,1
32523,0
47066,1
33517,0
91529,0
59331,1
25267,0
10196,0
89736,1
18888,0
80575,0
37520,0
47467,0
49857,3
17948,3
73610,0
25899,1
71869,0
40060,0
38360,1
91927,0
85709,0
29327,0
37271,2
52875,1
68948,0
7315,0
50854,0
95036,0
21075,2
53598,0
2978,1
66400,1
49582,0
8174,0
46792,1
14192,1
76272,1
9618,0
69609,3
63094,0
71071,0
27744,1
57152,0
2206,2
30041,1
60511,2
32998,0
86797,0
80772,0
2203,1
67597,0
55776,1
12228,0
98858,0
16707,0
77541,0
30,0
41141,0
24271,1
46220,0
51614,1
46538,2
42005,0
74838,2
20900,1
85596,2
66073,0
26663,0
61615,0
37710,0
91419,0
54653,0
61567,0
9261,2
50830,0
14602,0
90643,1
62389,0
22427,0
53695,0
8254,3
48297,0
82263,0
36207,0
54239,2
6930,0
5092,1
40153,0
33959,0
49113,2
10068,1
23119,0
4182,0
91997,0
2732,0
96043,1
69147,3
21295,0
18504,3
78545,3
28035,0
57855,0
37686,3
27674,0
34020,0
98343,0
22655,0
32789,3
92657,1
53322,0
14793,0
50256,0
19269,0
49659,0
30848,0
313,0
5047,1
36020,3
9822,0
71133,0
37700,2
96622,0
88074,0
4974,0
93405,0
82180,0
33796,0
53366,0
81134,0
91367,0
68534,3
66287,0
68526,0
79795,0
48318,0
27822,1
93006,0
29827,0
80724,0
37203,3
98463,1
68776,0
28593,1
29722,1
36966,0
35638,0
7087,2
75555,1
67993,0
80473,0
20049,0
82893,1
75726,0
82305,0
37806,0
17352,1
32018,1
77559,0
22295,2
72,0
38173,0
85113,0
30459,1
31546,0
59721,1
73228,0
52968,1
74988,0
16670,0
89380,0
69542,0
76900,0
55390,0
26232,0
98516,0
14982,0
56037,2
98034,3
9330,0
80259,0
57559,0
48605,0
5134,0
98,0
83245,1
2331,0
9279,0
60550,0
71571,2
43181,0
57787,0
11839,2
11665,0
31088,1
20981,0
6648,0
98060,3
30353,3
15316,1
79160,1
23808,2
75607,0
64558,0
51913,1
4235,0
9915,0
37056,3
61537,2
85350,2
78877,2
281,0
62173,0
15610,0
72886,3
64579,0
19178,0
3704,1
7586,0
19012,2
40790,0
89430,1
79101,0
26478,0
14107,0
5191,0
67264,3
4282,2
25101,0
93955,0
51079,0
87149,0
27242,0
88791,0
62178,1
96623,3
32941,0
16117,0
69230,0
81447,0
77535,0
21889,0
11385,1
52373,0
77750,0
63597,0
16882,0
35962,1
85066,1
21497,1
7211,0
318,2
71948,0
57001,0
1710,0
41350,0
70949,1
72175,1
24325,1
72254,3
5131,0
10021,0
11616,0
15060,0
15436,0
3434,0
5664,3
34488,0
84965,3
32369,1
23802,0
23397,0
46068,0
89701,0
15074,0
3301,2
88193,0
67901,2
99045,0
84358,0
32939,1
19014,1
26629,3
66296,2
23167,2
34057,0
84040,0
42231,0
87985,1
64319,3
42591,0
21663,0
62607,0
73109,0
14141,1
32804,1
45974,0
14360,2
97423,3
55570,0
70973,0
86155,0
63854,0
58626,3
41868,0
18344,0
89778,0
21819,0
96134,0
92816,0
58660,0
50756,2
91459,0
48588,0
62635,2
32483,0
82001,3
1923,0
10873,0
48808,0
66592,1
56221,1
84076,0
3213,0
86907,0
47129,0
2513,0
45436,0
65582,0
92556,0
12513,0
96768,2
61294,0
82307,2
89008,0
82239,0
93272,0
10156,0
94864,3
46458,0
49704,0
66013,0
47721,0
37192,0
21810,0
71072,0
48,1
24457,0
46401,0
9876,0
42505,0
72613,0
4512,0
46836,0
36370,0
83272,0
90330,0
34891,3
96635,0
45432,0
50082,1
4382,3
79786,0
52878,0
36790,0
20130,0
14497,0
80731,0
47380,0
51460,0
29281,0
95664,1
71949,0
76159,0
17396,0
25404,0
75926,0
43460,1
38603,0
66463,0
66949,2
55608,0
73425,1
35352,0
26000,0
76229,0
73897,2
91585,2
13297,1
15412,1
17915,0
49217,0
20282,0
16837,0
93077,0
99422,0
32751,0
43525,2
8474,0
33388,0
12890,0
43476,1
79328,0
74182,0
27814,0
23380,0
62950,0
59615,0
90616,2
50150,2
16021,0
67257,0
95762,1
30162,0
5814,2
84430,0
4792,0
23694,0
13348,2
60334,3
11386,2
43229,3
78889,0
77187,0
35468,2
88503,2
19668,1
37536,0
69799,1
24241,0
34442,0
38482,0
80618,0
50225,0
65398,0
98795,1
92992,0
13952,1
16362,0
97755,0
79639,1
64032,1
77400,0
75427,1
55127,0
76282,0
73240,0
82317,1
30753,0
34788,0
60635,0
66663,0
33216,0
23409,0
8709,0
24484,0
54252,2
27793,1
49052,2
65129,0
10868,0
50105,1
69395,2
46464,0
23907,1
3796,0
22115,0
33904,2
98179,0
47797,2
23496,0
93541,0
37769,2
40634,2
52174,0
92438,1
87003,3
28822,0
15758,2
97741,0
99795,0
59604,0
77376,0
72591,2
32994,0
29053,0
22920,0
17587,0
66618,3
73304,0
4629,0
9429,1
80990,0
21525,0
30559,3
70035,0
48013,1
67938,0
61370,3
75346,0
31484,3
20271,1
6576,0
97160,0
52402,0
32790,3
27934,2
42280,0
20878,1
40330,0
46041,0
48906,0
28872,0
76095,0
64372,0
44862,0
29203,0
21160,2
79773,3
16340,0
98279,0
88831,1
68986,1
88607,0
72533,0
52410,0
83184,0
55660,1
92899,3
97395,1
88536,2
20259,2
18374,0
3123,0
18411,0
70539,0
73065,0
75289,0
62304,0
74,0
3737,2
30142,0
59136,1
82523,0
33128,3
34838,3
32209,3
78534,1
88198,0
30724,0
22233,3
26292,0
25793,0
31640,0
33439,0
53945,0
29949,0
80462,0
86473,0
50456,1
15501,0
29870,0
20888,1
84659,0
57423,0
29962,0
42004,0
77100,3
44899,1
96978,0
9352,0
13762,0
4479,1
79775,0
48259,3
5048,0
88754,2
25058,0
25458,1
47667,3
18072,2
90365,0
42340,0
22201,2
89467,1
73069,0
21833,0
96795,2
86965,0
5459,0
98922,2
40139,0
82713,2
99501,2
77476,3
703,0
24135,0
74961,2
66268,0
60629,0
21506,0
9703,0
25600,2
27476,0
58751,0
36261,0
16978,1
70734,1
65125,0
9686,0
71448,0
40179,0
33090,0
61506,2
44401,2
82396,1
22660,0
11914,0
71421,0
24030,0
21273,0
99477,0
55974,0
68999,0
55901,0
25034,0
47692,2
28452,0
31056,0
47248,0
42097,0
43187,0
12206,3
78749,0
51610,0
9159,0
37402,0
61224,3
14410,0
10146,0
7596,0
14205,0
71070,0
58546,0
48763,0
99508,2
21743,2
74812,0
5150,0
59149,0
36319,0
44566,0
59067,1
10010,0
32636,0
37621,0
85893,0
43757,0
57660,0
91797,0
25857,2
54083,0
87475,2
54836,0
3942,3
72278,0
75936,0
95772,0
43799,0
64500,2
90505,0
81428,1
21653,0
50303,0
98500,0
14000,0
6285,1
62724,0
27445,2
1067,0
291,0
64902,0
96835,0
39718,0
90460,0
60412,2
86166,0
50137,1
8253,0
81895,1
43719,0
90994,1
61200,0
58571,0
52740,0
86683,3
41045,0
45105,0
5062,2
4417,0
79986,0
38018,0
72956,0
88206,0
8058,0
59547,0
71572,1
5195,0
37157,2
13244,0
38832,3
54389,0
33736,0
96511,0
43866,2
9365,1
29687,0
1504,0
93311,3
82936,2
24968,0
11548,2
24773,0
57220,1
28611,0
53438,2
63890,1
95056,0
65655,0
42254,2
59841,2
59935,1
43478,0
4825,3
83802,0
87054,0
13092,0
17005,0
49358,0
5686,0
39276,0
66294,2
33376,0
15917,2
74163,0
69684,0
90712,0
89924,3
36137,2
67611,1
44858,0
24227,1
31126,2
90359,0
64151,1
35773,0
41648,1
10774,1
13189,0
34452,3
5625,0
63375,0
56802,0
35718,0
80531,3
84022,0
67907,0
9190,0
71937,0
32924,1
58583,1
8330,0
96694,0
21355,3
41646,2
53951,0
11986,3
50828,0
31102,0
58535,3
41361,0
31095,0
37038,0
29600,0
25883,0
46727,0
64432,1
13372,1
63626,0
58644,0
41906,1
23052,0
57857,0
4191,2
31753,2
83729,2
7854,2
75029,0
23395,0
12903,0
46133,0
78111,0
46962,2
11109,0
48946,0
85894,0
70150,0
13666,0
85349,0
69532,0
36929,3
9926,1
70298,0
69871,0
94713,0
65677,0
45932,0
1906,1
13196,0
28953,3
86835,0
1325,0
69172,1
32034,0
52603,0
85959,0
74131,1
50747,0
93543,0
8933,0
92353,0
70694,0
52695,0
28524,0
18803,1
76456,0
97265,2
97932,0
95192,1
46486,0
49076,3
78062,0
36608,0
92824,0
49230,2
78469,0
82777,1
38439,0
30100,1
77265,3
17412,2
780,0
78281,0
13016,0
21676,0
25761,0
34991,2
61946,0
62927,0
9929,0
27559,0
71056,2
26881,2
80276,2
15834,1
25503,0
4790,0
95689,0
83353,3
1770,0
46061,3
14015,0
81096,0
7034,0
43323,2
24007,0
10029,0
73108,0
33361,1
47363,1
81116,2
69726,0
63652,0
79874,0
37650,0
63340,0
54527,0
42997,0
34712,0
4864,1
82309,0
1461,0
99348,0
36426,0
10879,0
89267,0
28748,0
53258,3
77283,0
91576,0
97562,1
91263,1
652,0
21190,3
27615,1
98610,0
26565,0
84355,3
71563,0
99069,2
42618,2
46847,2
5643,2
28977,1
38457,0
56839,0
55682,0
63249,0
90296,0
47151,1
41531,0
27059,0
83577,1
26419,1
78328,3
25116,0
93565,3
36297,0
5996,0
34019,0
28814,3
49478,1
69632,0
82276,0
2175,2
69342,0
6733,0
91126,0
81846,1
47207,0
12431,0
85327,3
92515,1
18525,0
93285,0
3084,0
97993,3
15002,0
22859,1
33607,1
78838,0
92493,0
40705,1
13387,0
8010,0
89102,1
8503,0
6019,2
21814,0
26267,0
69339,0
56776,0
89973,0
55494,0
72545,0
7623,2
63533,0
54089,0
69408,0
4491,3
32766,0
31529,3
49455,0
69412,0
10783,0
43416,0
54978,3
89993,0
57758,0
53589,2
12274,2
8313,0
82432,3
94298,2
3350,0
35461,0
80109,0
45396,0
24984,0
39568,0
50727,1
19564,0
80709,0
52383,0
48275,2
99253,0
41362,0
26767,0
66545,0
54113,0
3550,3
27586,0
86583,0
60079,0
99787,0
68564,1
58160,0
36326,0
40033,0
16127,0
79292,0
11656,3
78295,0
11772,2
45342,0
91602,2
4945,0
31718,0
29715,1
49417,0
70233,1
28000,1
90032,0
60627,0
89801,0
95545,1
5960,0
48602,0
99205,0
93749,2
98147,1
16631,0
90925,0
41610,1
46545,2
51636,0
66128,0
1114,0
19618,2
8787,1
87967,0
64305,0
61596,0
69139,0
53936,1
40697,0
67573,0
47246,1
70384,1
51255,1
73142,0
14098,1
79771,0
78123,0
14903,0
52553,0
88871,0
59362,0
64699,2
46094,0
91364,3
76683,0
70532,0
74740,1
55534,2
22456,0
70144,1
34982,1
31779,0
41432,0
72106,0
93175,1
90819,0
88361,0
53840,0
27587,1
35928,0
60530,0
74189,0
72837,0
70294,0
96442,0
62880,0
10539,2
73268,1
66630,2
15496,0
48266,0
99322,1
49476,1
63281,0
87288,2
74681,0
10591,0
27515,0
16817,0
68858,2
21913,0
46447,0
26372,0
86237,0
64219,3
73251,0
37389,0
62847,0
22095,0
34632,0
32849,1
67133,0
27175,0
6557,0
5493,0
47481,0
55027,0
43946,0
68211,0
28279,1
55498,0
54327,1
36614,0
69841,0
22269,3
75847,0
57878,2
56179,0
12505,0
26949,0
95147,2
13135,2
20286,0
81701,0
19912,2
54178,0
38947,1
23403,0
44715,0
2924,0
37591,1
45357,0
87310,2
64059,0
16118,0
67240,3
6784,0
93231,1
99984,1
79828,0
44361,0
7209,2
28569,1
44661,1
94565,0
19639,1
83366,0
31498,1
90213,1
82298,3
88829,0
93668,0
68326,1
59468,0
33990,1
35232,0
47908,0
36087,0
18831,1
25812,1
48573,0
86027,0
75783,2
35842,0
96086,0
18817,0
94273,0
17298,0
2207,0
67360,0
47730,1
98232,0
65486,0
94250,1
63446,0
43666,0
68069,0
94988,0
20223,1
60890,0
33982,2
56491,0
17599,3
38282,0
36638,0
40827,2
83953,0
57807,0
22640,0
88301,1
93680,0
11903,0
46878,0
26152,0
5865,0
89621,0
23166,1
98324,0
48404,0
14686,0
28299,0
24970,0
17462,0
23442,0
79456,0
58106,0
13422,1
86929,0
21576,0
40131,0
87658,0
31475,3
36174,1
99502,0
46421,0
44435,3
16843,0
2778,1
54895,0
39026,0
87958,1
87948,0
93194,2
65587,0
7524,0
28547,0
22083,0
58786,0
81922,1
78437,0
92995,0
1811,0
77671,0
2544,0
21228,1
11016,2
37925,2
96337,0
27323,0
57130,0
42417,3
11421,2
42782,0
51166,3
222,0
82290,1
24981,0
6900,0
58727,1
60018,2
85637,0
86170,0
44116,0
14132,0
22198,2
7719,0
38203,0
66907,2
46744,0
13901,1
64870,0
82153,0
65923,0
16661,2
90208,0
80562,0
8169,3
89629,0
88082,0
75888,1
78700,0
78681,0
98488,0
6238,0
72301,2
94376,0
10849,1
89527,2
8842,2
36422,0
33245,0
55378,0
36867,0
81472,1
70530,0
10593,0
91902,1
9158,0
19150,0
47113,0
75897,0
86954,0
373,3
27957,0
76465,0
96912,1
5247,0
37830,0
8766,1
28178,2
89429,0
23925,1
83173,0
70681,0
38745,1
76055,0
82247,0
84546,0
16181,0
26997,0
88890,0
11032,0
61413,0
34804,0
40474,0
89746,0
2563,0
30925,0
18937,0
81809,0
7239,3
82667,1
71667,0
6720,0
59396,0
38941,0
14578,0
99104,0
92224,0
34396,0
5122,0
91537,1
5497,0
140,0
57826,1
26279,0
39700,0
30239,0
57013,3
15617,1
9260,2
10966,1
40534,0
90083,0
92032,1
94138,3
77027,3
89276,0
27631,3
6593,0
40787,0
15196,0
29466,0
60832,2
28019,3
1796,2
93137,0
7387,0
25118,0
81707,0
38169,2
84309,0
27950,0
68917,0
50804,2
63949,0
92886,0
53079,2
20568,2
53036,1
52960,0
88652,0
58333,0
91657,0
54593,2
31616,2
35855,3
91303,0
52034,1
7168,0
5212,2
64438,0
11176,3
39355,1
65259,0
67222,1
85832,1
14207,2
34403,0
48770,0
31853,0
60174,0
34133,1
15003,0
39071,0
29383,3
74080,1
55400,2
80449,0
55245,0
69152,0
88159,1
95892,0
60335,3
48363,2
22056,0
81315,0
97591,0
32219,0
35423,0
62412,3
77584,0
12651,0
51198,1
94780,1
59266,1
92294,0
13240,0
42322,2
2226,1
61838,2
87196,0
64480,0
67511,0
23486,0
91769,0
47060,0
21829,0
29507,0
85634,0
89520,2
22684,0
39074,0
27974,0
89407,0
12366,3
33188,1
19030,1
4016,3
91027,1
62471,0
90647,0
30294,0
2284,0
73089,3
32477,0
82805,0
54274,1
41357,0
75739,0
56142,0
22436,0
22976,1
75612,0
18798,0
17454,0
76966,0
51128,0
44018,0
57032,0
22020,1
9821,0
42121,0
61303,0
86320,0
53047,0
98862,0
62415,1
25579,2
70626,0
54846,0
63785,0
95331,1
38698,3
58086,3
31319,0
27300,0
29618,0
50618,0
93905,0
39980,0
28559,0
87623,1
6873,0
69672,2
63383,0
98799,0
60623,0
12127,0
75324,1
48945,3
56509,2
30433,1
40008,3
50382,1
18872,0
63396,0
2016,2
12930,0
19321,2
25741,0
20212,0
60358,0
88189,0
12853,0
92411,0
17398,2
75347,0
34394,0
78837,3
79652,0
11114,1
17803,0
461,2
17029,0
59002,2
66143,0
61798,0
98865,0
52159,1
51639,1
87170,0
52480,0
66703,0
5143,0
29256,0
48407,0
74416,1
91197,0
51859,1
47895,0
4989,0
61463,0
44709,0
60291,0
2608,0
59264,0
85186,0
33003,0
6311,0
22114,0
61307,0
83275,0
67049,0
99212,0
48619,1
90474,0
35098,2
29888,0
85902,2
29861,0
57900,3
20247,0
74965,0
63995,1
5514,2
53383,3
8765,0
35150,0
30679,0
38653,0
22116,0
90165,0
7761,2
49179,3
68821,1
26435,0
21009,1
28764,0
87302,1
71592,1
80765,3
35216,0
13136,2
77091,0
2143,0
84114,3
29261,0
30578,0
75910,1
67234,1
26982,0
44149,0
62395,0
3907,3
68996,0
29142,0
79637,0
15623,0
27689,0
64257,0
59834,2
65005,0
43980,0
13842,1
62851,0
74249,0
27681,0
57733,0
87262,1
75189,1
17562,0
63937,1
5874,0
92968,0
60182,0
7606,1
78614,0
68304,3
76962,3
77895,0
52067,0
2529,0
38636,2
81713,0
65475,0
94660,0
11033,1
8682,0
65537,1
39317,0
96826,0
33774,0
10206,1
67729,0
4471,0
30212,3
40106,2
71220,3
34909,0
1115,0
57982,0
2823,2
63486,0
4252,0
96630,0
7262,1
16671,0
21971,0
12913,0
84315,0
71779,0
39576,0
78244,0
68298,0
81314,0
23341,2
57884,0
64542,0
61842,0
4901,0
95304,1
63502,0
35618,0
47822,2
38461,0
66416,0
32404,0
95477,1
77183,0
75444,0
48665,3
77775,0
66396,0
60088,0
49742,1
3839,0
60531,1
85851,0
86487,0
84907,3
95325,0
87045,2
90093,1
51923,0
96040,0
50094,3
23415,1
83605,0
62297,1
46233,0
46180,1
1343,0
8266,0
46149,3
65922,0
40399,0
96357,0
23825,0
51531,1
35260,0
71354,0
13844,0
55048,2
73008,0
10466,0
16845,2
28986,0
58527,1
25166,1
69459,0
80471,3
70119,2
34315,0
65561,0
22790,0
52201,0
63380,3
20637,0
37037,0
48212,0
53996,1
62599,2
57435,1
85850,0
65010,3
29984,0
74083,2
80017,3
8660,0
58564,1
94046,1
5346,0
33535,2
76880,3
13005,0
57990,0
5171,0
86082,0
33851,0
99242,0
61870,2
26650,0
42493,0
25095,0
89027,0
10058,2
94610,0
65119,0
21453,0
14149,0
54624,1
95906,1
84231,0
58235,1
41544,0
53255,0
11495,0
68401,0
93465,0
64752,0
70658,0
42135,0
53330,0
63739,1
59771,0
88438,3
76671,0
7492,0
98580,0
75932,1
76343,0
19344,0
14656,0
99883,1
69289,3
79502,0
5854,0
350,0
21868,0
74443,0
45556,0
77368,2
57125,0
4860,0
51239,1
47140,0
60833,0
97278,0
74426,0
53064,1
54383,0
83434,0
29145,0
52558,3
82270,3
69111,0
73709,0
71642,0
56289,0
14482,0
45639,0
8242,0
84984,0
3642,0
93608,0
50719,0
81300,1
22797,0
19027,0
3193,2
22363,0
22001,0
12528,0
28174,2
77884,0
82151,1
1645,3
46249,2
8830,0
94656,0
67172,0
46711,0
48930,0
87335,0
20670,0
24939,2
11367,0
83283,1
13105,0
26665,0
83416,3
85245,0
65145,1
18019,0
27470,0
97673,0
9877,0
87343,0
35664,0
54729,0
51509,1
13507,3
51336,0
51219,0
40120,0
68014,1
45869,0
69331,0
47262,1
5026,0
83728,0
211,0
42372,0
9513,0
61953,0
28576,1
56711,0
47371,1
10648,0
18290,1
27312,0
93124,2
38573,0
71887,2
36291,1
44038,0
15341,2
43364,0
93854,0
94814,2
23439,2
85966,0
83875,0
45666,0
62556,0
6250,3
57307,1
8762,0
20190,0
76743,2
70337,2
37178,0
47489,0
88328,0
78514,1
24075,1
31434,0
20972,1
43155,0
23481,0
7913,0
89917,0
35634,0
8671,0
14162,0
17825,3
53652,0
79357,0
2966,0
79311,0
46453,0
10136,0
2916,0
47106,0
97349,3
76633,0
23555,0
90612,3
37842,0
44754,0
50554,1
45601,0
7896,1
71240,2
85132,0
37437,0
50307,0
78180,0
74407,0
89068,1
49505,0
62463,0
57852,0
72395,1
60923,0
37513,0
65050,0
17619,0
69817,0
74089,2
3937,0
71641,0
38061,0
16628,0
67356,0
20345,2
53825,0
77467,1
7265,0
84926,0
91318,0
33612,0
68308,0
79993,1
53334,3
99648,1
9833,1
67467,3
82725,1
67677,1
84078,1
75571,0
70908,0
91230,3
4318,0
33942,0
20427,0
5626,3
98566,3
91375,0
5434,3
45936,2
31213,0
29791,1
37049,0
79266,0
89148,1
88180,0
22221,1
38108,0
84964,0
65723,0
39779,0
98523,0
9563,2
39451,0
27772,0
4175,1
65700,3
67990,1
37703,0
72895,0
2535,0
69304,0
19265,0
32229,1
42369,0
12379,1
95214,0
75797,0
7965,0
56729,0
58153,0
53783,3
42069,0
66466,3
83981,1
91975,1
79163,2
57573,0
68399,0
86940,0
88079,0
41662,0
40155,2
35437,1
17646,0
42739,0
67929,0
95642,0
57296,0
63902,0
86607,1
55797,0
25281,1
54139,0
76475,0
74297,2
24279,0
16380,0
61671,1
29419,0
23233,2
42112,3
1635,0
10942,0
98552,2
65121,3
36086,0
57214,0
15086,0
99309,0
8911,0
8311,0
32081,0
76971,0
4515,0
90815,0
55041,0
50578,1
99635,0
88516,0
25806,1
30507,0
48862,0
34596,0
58178,0
8523,2
8797,0
81380,0
56313,1
75678,0
88663,0
3373,0
50607,1
1671,0
43401,0
98920,1
48369,3
2561,0
1193,0
97230,0
66770,0
75096,1
12539,0
14222,0
63475,0
47980,0
86255,0
21785,0
91232,0
42722,0
61883,0
70204,0
29322,0
69806,0
66628,0
40578,3
58927,3
86556,0
32593,0
18799,1
83110,0
54468,1
61372,0
4462,1
23853,1
1070,0
871,0
31861,0
3698,1
96647,0
35530,0
71069,0
18311,0
33261,0
26207,0
33196,0
52331,0
15281,0
13860,0
66580,0
19805,2
3691,2
83050,0
75018,2
87602,3
43905,1
25946,0
7108,0
95633,0
73882,3
76556,0
92415,1
61299,0
96864,0
22019,1
86035,1
17753,0
6040,0
2059,2
12323,0
67070,0
82046,0
19783,0
79818,0
45480,1
43908,3
45738,3
54129,0
43458,1
4744,0
46890,0
7988,1
86438,0
88634,0
9130,0
35042,1
16786,2
48429,2
81217,0
84271,0
24117,0
24529,0
56039,0
10473,0
56439,0
80889,1
34857,1
75634,2
51658,0
27225,1
95008,0
8752,0
52319,3
40987,2
10854,1
57698,0
58398,0
63064,0
95241,1
12244,0
51388,1
52843,1
65345,1
4882,0
94289,0
77774,0
63770,2
14112,0
63058,3
79221,0
42117,2
96734,0
37611,1
39492,0
61695,1
13059,0
92203,0
62393,0
6241,0
60179,0
47141,0
19403,0
77259,0
99996,0
49440,3
89934,0
69437,1
29583,0
7032,0
69041,1
31182,3
84484,1
54248,0
93692,0
78955,0
4878,0
23876,0
42840,0
69923,0
93967,0
23225,0
8591,0
32925,0
78975,0
47026,0
659,1
48850,1
57773,1
13211,2
60777,0
99394,0
18457,0
26123,0
61674,0
58308,0
45965,0
40522,0
42027,0
57151,0
52153,0
56871,0
63849,0
15296,0
96879,0
6564,0
31341,0
13814,1
73565,0
10982,0
7971,0
90948,0
91793,1
25162,0
82354,0
38189,0
30693,0
27921,2
85340,0
86787,2
65074,3
38536,0
83017,0
82143,0
13506,2
40610,0
73921,1
34352,0
57416,0
95594,2
80039,0
7879,3
72405,2
33274,0
60575,0
27635,0
2602,0
80714,0
74959,0
15285,0
44908,0
9258,0
70266,1
82968,2
81643,0
93344,1
87338,0
80610,0
62248,3
75652,1
54164,0
72622,0
48549,0
62133,2
68618,1
20114,0
22,0
91214,1
71936,0
78648,0
48583,1
26063,0
58991,0
32469,0
17278,0
84255,0
25258,3
38866,0
5810,0
70722,1
98711,1
83772,0
75352,0
75142,0
59233,1
7669,0
19782,1
73814,0
83466,1
75656,0
33463,0
84803,0
50254,1
66291,0
22929,0
74953,2
30448,0
6132,3
94786,2
47560,0
35100,0
61034,0
31471,0
11471,1
17364,0
68720,2
27510,2
3564,0
84535,0
32977,1
87460,1
62470,3
37308,0
1424,0
59141,1
43678,0
71947,1
37177,3
66784,3
96328,0
42916,1
58679,0
82222,1
13161,2
43090,0
63279,0
98145,0
65511,0
72884,1
60417,0
34016,1
62898,0
73654,1
55095,0
33178,0
9813,3
74952,0
17997,0
1690,0
3507,0
95507,1
42358,0
65112,0
44088,0
19303,1
48215,0
40463,1
15359,1
48571,0
56599,1
51299,0
60157,0
8439,3
15425,0
12461,2
59366,0
62267,2
83285,0
77847,0
30598,1
96422,0
50413,1
6657,2
5848,0
12764,1
75181,1
29572,1
93890,0
40616,1
83413,2
90981,0
78489,0
42903,0
75493,0
48538,0
86636,0
14213,2
46090,0
700,0
90019,0
64861,0
90169,0
44914,1
55200,3
46937,2
61931,2
38289,0
74819,0
24160,0
61160,3
61438,0
63806,0
39136,0
4664,0
24010,2
4711,1
731,0
89904,0
26942,1
14812,1
11940,0
35527,1
32106,0
81166,0
53818,0
28085,0
20501,0
14035,0
19207,0
83644,1
80306,3
32547,0
93180,0
82129,0
10569,2
55983,2
55452,2
91290,0
53717,0
374,0
12681,1
15457,0
25604,0
32054,0
32273,1
90417,0
97933,2
84772,2
91543,0
95408,1
50775,2
14992,2
14509,0
62776,2
22898,0
43631,0
22968,2
87822,0
86018,0
27514,3
55693,0
96571,0
84720,0
6060,0
65451,1
68907,2
8225,0
65003,0
16321,3
31325,2
40765,3
87140,0
66450,1
60964,0
56112,3
98981,3
14737,0
95889,0
88631,0
56484,0
73099,0
26593,0
27378,2
21853,0
6612,0
21544,3
46815,3
31903,1
29340,0
39208,0
84648,0
34841,0
29149,0
31090,0
78670,0
69122,1
3822,0
99575,0
38027,0
46950,2
71638,0
99926,0
13625,0
58989,2
13071,2
63903,1
68412,0
53729,0
37911,1
49213,0
83108,0
15625,0
68419,0
17728,0
5826,0
71378,0
24948,1
13509,0
14637,0
72382,0
62167,0
2024,0
10435,3
34404,0
83593,1
16857,0
54908,2
11786,0
27164,1
50259,0
86811,2
27339,1
77352,3
86268,0
30422,2
90035,1
40899,0
96652,0
14312,0
73195,0
34920,1
33658,1
56298,1
87345,0
72427,0
9998,2
76903,2
78999,0
47085,0
42817,1
74683,1
53897,0
98787,1
31766,1
33087,0
76954,3
23749,0
12568,2
6776,2
74033,0
83565,0
61629,2
92445,0
8931,1
28171,0
88435,0
3064,3
97408,0
97982,1
70222,2
20102,0
19181,0
72059,0
66187,0
59527,0
77883,0
90433,0
82841,1
85500,1
63541,0
51837,3
47458,0
10186,1
65746,1
84175,0
10662,0
26200,2
3331,0
80692,0
93092,0
11469,0
20661,1
88216,3
37124,2
58803,1
22852,1
11919,0
35447,1
41299,0
71840,0
69589,0
41880,0
723,0
21412,0
38297,0
60592,1
80900,3
20353,1
92644,3
59579,0
2856,1
48337,1
498,0
30078,0
75597,0
95525,0
73384,1
42136,0
5243,0
49304,0
72470,2
99151,0
64420,3
66393,2
68252,1
64817,1
61420,2
22947,0
42727,1
96197,0
34151,0
24309,0
73783,0
79281,0
88287,0
7589,0
12541,2
14517,0
72981,2
55946,2
83560,0
24332,1
15315,0
98341,0
3483,1
19794,1
43555,0
69037,3
18839,0
87496,0
94036,1
47240,0
20608,0
45103,0
53882,3
44788,3
66941,0
23485,0
70820,2
99476,3
68406,0
95597,0
76627,1
59285,0
29531,0
30767,0
20919,0
53665,0
75125,0
16632,1
61364,0
54297,0
21186,2
82526,0
37015,1
20112,0
27270,1
79835,0
18651,0
6704,0
84120,1
55697,0
74184,0
20734,0
32572,2
90444,0
98479,1
97325,0
37075,1
25751,1
2311,1
66952,0
62854,0
81920,0
15702,0
46431,2
69260,0
64279,2
79313,3
77513,0
15647,3
26848,0
94948,0
39812,1
6116,1
47086,0
99794,0
72031,1
55425,0
62073,1
11938,0
72598,0
54845,1
40388,2
87327,0
13769,0
35619,0
63386,0
90930,0
1560,0
90446,3
20081,2
11070,1
84362,0
51443,0
73976,1
43191,0
794,0
38465,0
87236,1
10144,0
22745,1
16972,0
19082,0
92749,2
46146,0
99679,3
87271,0
80020,0
97037,1
26685,0
86267,0
25778,0
41683,1
50324,0
3083,2
94177,0
44501,0
41813,0
69497,0
91825,0
18714,0
25962,0
64296,0
80424,3
59290,0
94788,0
42949,0
47261,0
75158,0
51411,0
68614,2
83016,0
88271,0
85133,2
72535,1
90133,0
27715,0
62803,2
46907,0
96775,0
84105,0
69427,0
57965,0
36169,0
99068,0
228,0
90781,3
34369,0
20759,3
17157,0
53954,0
66456,1
50028,0
74938,1
28935,0
27645,0
42251,1
15354,0
77752,2
59999,2
64434,2
11238,0
55880,1
77938,0
73622,0
65527,0
64239,0
9173,0
57842,0
37424,0
97386,2
29498,0
23174,2
28601,1
74631,0
85476,0
82035,0
75193,0
49660,0
57230,0
77940,0
94483,0
15991,0
5609,0
98106,2
9172,0
35575,0
19646,0
86810,0
73589,2
80579,0
88360,0
20384,2
34797,0
55216,0
77573,0
70936,2
20030,3
88032,0
753,2
87363,1
65818,1
44366,1
45859,3
53635,0
77487,0
5272,1
14126,0
95372,0
62630,0
48990,0
7463,0
2543,0
97812,0
45004,0
73967,3
34888,1
55530,0
25105,3
62390,0
64602,0
48913,0
83156,0
72518,1
88557,3
65220,3
3461,0
68698,0
8530,0
94337,3
62005,2
15621,3
80112,3
7741,0
52863,0
21832,2
51772,0
27663,3
33065,0
83653,0
73779,1
3858,0
1144,0
62232,0
25625,3
30251,1
38641,3
14194,0
30377,0
66741,0
4214,0
66399,0
30465,1
75564,0
27,2
476,0
44179,0
97390,1
30944,1
7667,2
21201,0
17276,3
10813,0
15265,2
32609,0
30166,0
61722,0
54765,0
91611,0
4579,0
37797,0
26391,0
21778,0
46514,0
70744,0
32021,0
60259,0
51930,0
20078,0
74992,0
65847,0
92085,0
93123,1
66555,0
77498,2
32277,0
13576,1
6354,2
50320,0
94947,0
40513,0
71977,0
27723,0
3554,2
23256,3
23213,1
54560,0
97965,0
13646,0
30080,0
33271,2
76024,1
49844,0
2060,0
14924,2
79659,2
64940,0
49467,0
56104,0
35155,0
47854,0
53276,0
74551,0
31206,0
40612,0
71428,1
1632,0
55499,0
18328,2
90539,0
87112,0
41795,0
39441,2
23516,0
7384,0
93818,0
76111,2
26467,3
24045,0
78884,0
5875,0
42606,0
82412,0
49184,0
92718,2
36403,0
25866,0
20588,0
4099,3
10490,0
84640,0
10035,0
70022,2
27431,1
74503,1
14877,0
4249,1
51095,0
5392,2
64510,0
46275,2
13167,1
66338,1
14017,3
95340,0
52532,1
7725,0
38915,0
98494,0
92237,3
146,0
26364,0
86600,0
22377,0
76856,0
6750,1
83774,1
55653,2
59385,0
20668,1
84758,0
50638,1
39570,0
83072,0
34031,0
6430,0
24661,3
33031,0
38185,1
79529,1
36458,3
20189,0
19992,0
63135,0
11612,0
9078,0
26487,0
50197,2
8858,0
92729,0
44640,0
87295,3
33840,0
75023,3
57471,0
5935,0
71317,0
68344,0
27128,0
9384,1
35323,0
46566,1
36281,0
75908,1
78276,0
15242,0
27370,0
13085,0
64829,0
1507,0
8054,2
11710,0
60200,3
54247,0
87845,3
66159,0
32827,0
14459,1
32315,0
44444,1
62830,0
29473,0
11698,0
66514,1
6771,0
70855,0
63771,0
29966,0
88900,0
88252,0
89326,0
66101,1
83887,3
31521,3
67944,0
90292,3
38857,0
83768,0
6912,0
65824,0
6048,1
71431,1
51308,1
61333,1
94037,2
16928,0
61243,0
50369,0
12374,0
8763,0
42351,2
43459,0
23763,0
87984,0
17191,0
78593,0
33230,0
18950,0
53290,0
91145,0
16188,0
65521,1
64676,0
76044,0
50745,0
30802,1
9223,0
16584,0
92678,0
26211,0
70130,0
58166,1
24421,0
43580,0
57133,0
55253,0
47948,0
34459,0
58487,0
26915,0
29561,0
80003,1
31816,3
58810,0
8286,0
83142,0
81627,1
19393,0
80272,0
86298,0
42843,0
75015,3
43509,3
32030,0
88491,0
8693,1
28115,2
34903,0
16916,0
55284,0
63896,0
70746,3
1309,0
58654,0
95009,0
17226,0
30581,0
87447,0
76119,0
88902,0
87888,0
32604,0
55832,1
9947,1
42420,0
70349,0
13074,2
86776,0
68798,0
32280,1
22627,1
60365,1
16602,1
80161,0
19209,0
17772,0
35456,0
55724,0
43818,1
73768,1
936,3
2497,2
64626,2
48807,0
12713,0
95128,0
14952,1
17950,0
45233,0
37469,2
80959,1
84760,0
8779,2
68697,2
93271,0
6841,2
70162,1
8366,1
62756,1
31983,2
44107,0
22587,0
89709,3
26507,0
344,1
55,1
71011,2
42287,0
85771,1
75061,1
95644,0
16526,0
33498,1
99454,0
79440,0
232,0
11324,1
2911,0
88891,0
57851,0
34042,3
81114,1
6389,0
54702,2
4502,0
85810,3
87811,0
96603,0
28247,0
5557,2
25723,0
27480,0
74780,0
62405,1
42682,3
80561,0
75812,1
67267,0
3974,2
11390,0
4168,0
21291,3
84912,0
46393,3
91312,0
5984,0
69479,1
6965,0
3873,2
91857,2
26592,0
34003,0
93357,0
92143,0
63959,0
89682,0
36165,0
15615,0
16295,1
53834,0
96083,0
34657,0
11960,1
87424,0
73121,0
17360,0
24874,0
10016,0
39940,3
10784,0
37436,1
7813,0
34098,0
83243,0
37021,2
19828,0
54391,1
30128,0
62509,1
83081,2
26462,2
82582,0
71502,0
22293,0
14169,1
56096,0
48074,2
77420,0
97320,0
43772,0
13438,0
34717,2
87428,1
55778,0
89319,0
53546,1
75606,0
19468,1
71821,2
3555,0
24516,0
86389,0
86545,0
79315,3
17822,3
7487,3
84708,0
46501,2
16876,0
72507,0
6216,0
86495,2
7642,3
23168,2
93135,0
31257,0
81649,1
456,0
13275,0
8560,0
18462,2
4274,3
47427,0
9312,0
94254,0
87153,1
95275,0
70580,0
34671,3
64725,1
32715,0
21858,0
66315,0
73562,1
68711,0
32359,0
34796,0
60549,1
26023,2
41774,0
46668,0
8729,0
36896,0
25263,0
68959,1
66017,0
33884,0
83093,2
57410,1
91108,1
74488,0
98076,0
79081,2
50712,3
47861,0
3655,0
46633,1
34879,1
88410,3
52801,1
45245,0
26327,0
16946,0
37684,0
810,1
17084,2
69376,0
13048,3
13163,0
73625,0
88540,0
68051,0
63023,1
89732,0
7200,0
53629,0
77516,0
77313,0
3276,0
87620,1
76744,0
13367,0
79244,0
69944,0
21725,1
6442,0
45998,0
90085,1
83461,3
63569,0
99760,0
85062,1
10723,0
74214,2
58321,2
91432,2
74402,0
2706,1
97804,0
31814,0
2162,0
75489,0
69531,0
48151,0
17863,0
73387,0
42717,0
55587,1
54625,0
39325,0
8597,1
63665,1
88278,2
50954,0
49804,0
34959,0
60464,0
77309,0
3096,2
25300,0
31282,0
57504,0
9045,0
96250,2
35995,0
89220,0
68705,1
69328,3
59463,2
17678,0
28172,0
82991,0
45910,2
84861,0
10111,0
7483,0
36588,0
33220,1
78234,0
16220,0
64388,0
70915,0
7684,0
67313,1
97482,3
2506,0
37674,0
77697,0
40287,0
46335,0
56267,1
287,0
99521,1
88374,3
59004,0
72541,0
75638,0
76695,0
73445,0
11036,0
74453,0
79190,0
52847,0
84719,0
54738,0
8866,2
61408,2
86575,1
90080,1
11467,0
65001,1
84724,0
47093,0
63004,1
28863,0
64487,1
6769,0
4863,1
27980,0
34342,0
43184,1
2282,0
34189,0
15527,0
43491,0
16936,0
52080,0
39776,0
78380,1
54934,0
5221,0
61059,0
9268,0
2515,0
9757,0
83311,0
65627,2
41069,0
31624,0
82380,0
47544,0
36739,0
54447,0
59298,2
61118,0
40076,0
24552,0
23424,2
22809,3
55347,0
17376,1
32172,0
32486,0
84503,0
85740,0
92531,0
81513,0
21018,0
69228,0
68857,0
87925,0
93094,0
4924,0
83784,3
99853,0
56970,2
97746,0
33846,0
40701,0
6746,0
22736,0
10706,0
37645,0
81495,0
60568,0
41180,0
36485,0
73868,2
25808,1
63660,1
99112,2
47904,0
48560,0
36242,3
34664,0
3062,0
43650,3
62307,0
63092,1
52549,1
95999,0
29552,0
91422,0
94931,0
25324,0
76845,1
18844,0
9644,2
8547,0
28459,0
14261,0
59583,0
19482,1
76138,0
21206,0
5423,2
64622,1
14733,1
50778,0
74986,1
65347,0
75390,2
84608,2
7408,0
21258,0
22073,0
48631,0
7632,0
37511,0
63515,1
52608,0
31737,0
823,0
33696,0
55132,0
67204,0
93099,0
16150,0
5480,0
74893,3
72295,1
58258,2
50661,0
50704,2
8021,0
81911,0
38370,0
68622,3
30974,0
29703,0
84960,0
98554,0
15306,2
37798,0
29182,0
29248,0
4712,3
87167,0
40183,2
2265,0
24008,0
53851,0
25581,0
87104,0
67671,0
30791,2
95890,3
19856,1
17245,0
41138,1
77113,1
19042,0
36072,1
12487,3
84532,0
61808,0
31171,0
49905,0
32891,0
87866,2
81131,0
81699,0
60710,0
62262,0
29323,1
57724,0
12640,0
72797,0
76886,3
98802,3
53206,0
885,2
20716,0
46071,3
54510,0
55423,1
76214,3
30739,0
35083,0
59003,0
97152,0
67916,0
68868,0
26958,0
14943,0
32811,0
47868,1
86596,1
52076,0
65661,1
54106,2
81993,2
30833,2
70770,0
58181,1
15366,0
1872,0
39905,2
47574,0
32775,0
68506,0
88534,3
56924,1
36113,2
56761,0
31960,1
84913,0
34431,2
77621,2
55093,0
49294,0
8565,0
1305,1
80133,2
48929,0
26040,0
71990,0
4327,2
88522,2
87245,1
3516,0
11959,2
46834,0
41000,0
26896,0
35064,0
56933,3
79011,0
75265,0
80048,0
79867,0
45422,1
11166,1
68359,0
52290,0
3340,0
35635,2
64506,0
25467,2
65701,3
36330,0
44710,1
51094,2
50039,0
54138,0
73650,0
49032,0
444,2
66662,0
82204,0
53315,0
57993,0
45642,0
39675,0
2400,0
13172,0
65042,0
22827,1
54312,0
39868,0
74696,3
88272,1
9491,1
64381,0
51901,0
90580,0
97659,0
4747,0
97121,0
21325,0
5287,2
68193,2
93436,0
36891,0
19542,0
13796,1
72781,0
68390,0
73500,0
29133,0
92693,0
61683,1
37450,1
92204,0
57864,1
85277,0
81233,1
62804,2
41235,0
42676,0
71197,0
81373,0
44976,3
63564,1
16366,1
3338,0
48114,0
99350,1
2118,0
69594,0
47108,1
35300,0
71221,0
36308,0
12436,0
14688,0
9070,0
91296,0
86974,0
16439,2
54540,0
46080,0
96045,0
74473,1
72381,0
84864,0
22894,0
97521,0
10123,0
20720,1
72889,0
67035,0
56134,0
10720,0
72067,0
36153,0
89495,0
86654,0
16410,0
34206,0
49282,0
73442,2
78232,0
18033,0
47247,1
1011,0
34569,2
44891,0
86536,0
60785,3
9043,2
40405,0
66594,0
7036,0
24460,0
14354,0
17244,1
36393,0
91152,0
28716,0
46066,0
71015,0
77269,0
86725,0
89661,0
42700,2
1518,1
240,2
38851,0
23548,0
59191,2
95423,0
32427,0
16142,0
39109,0
82216,0
822,1
96220,3
41296,1
32038,0
14648,1
6631,0
11254,3
85775,1
13491,0
8308,0
59874,0
74210,1
23154,0
70053,0
9858,3
19261,0
93007,1
48920,3
65911,0
91916,0
19865,1
98613,0
79611,2
98428,0
77586,0
60992,0
14919,0
38361,0
76237,0
43068,0
92604,1
29333,3
89604,1
82038,2
39723,0
2960,0
80571,0
36352,0
19674,2
13145,3
50134,3
36090,0
77703,0
57985,0
79681,0
2982,3
84542,1
46516,0
6208,1
85307,0
6194,0
26820,0
21202,0
16063,0
47183,0
98006,0
56145,3
9936,0
75418,2
19208,0
23088,0
95959,0
68075,0
49012,0
1300,0
27694,2
86873,0
50622,3
64407,1
14204,0
38529,3
47527,0
32435,0
24230,0
64611,1
57116,0
29331,0
47554,2
78697,0
74945,0
49966,1
16535,0
30419,0
64728,0
94705,0
3251,1
78632,2
65869,3
29036,3
54512,0
91818,3
74196,0
17713,2
944,0
80239,0
93796,1
1943,3
13358,0
70975,0
50142,3
27788,0
7123,0
21652,1
75640,0
56527,0
94913,0
22387,1
18500,0
36989,0
58691,3
44504,0
20860,0
72410,0
82664,0
20499,0
56163,0
34175,0
90937,1
3352,1
37082,3
35229,0
28557,0
98471,1
78617,0
98367,0
23177,0
54366,0
57880,1
74552,0
59777,0
84931,0
52137,0
68259,0
90607,0
96616,0
50635,2
39152,1
82789,0
337,1
28847,3
12305,0
32489,0
92269,0
46005,0
33240,0
49409,0
83578,0
33453,0
89217,0
70031,0
37289,3
31338,0
19317,0
52138,2
65717,0
44136,2
17413,0
59588,0
21888,1
81316,0
70745,0
53434,0
96799,1
94390,0
26335,0
43447,0
70642,1
70271,0
32253,0
26680,0
48422,2
62915,1
90336,0
38104,2
35754,2
46287,0
39630,2
18454,0
26908,0
55148,0
44860,0
29435,3
23054,0
82351,3
11567,1
30429,0
11885,0
66595,0
88035,0
57262,1
96677,0
22578,1
95531,0
49935,0
9765,0
65479,0
77711,0
4335,0
29854,0
30101,1
34279,1
75852,3
46557,0
73633,1
52853,0
64875,2
15275,0
65896,0
9492,0
50319,2
51021,2
97623,0
36110,2
8887,1
547,1
67860,1
71648,0
14544,0
77797,0
63424,0
21557,0
43931,0
81371,0
51225,0
76438,0
26122,3
73465,0
85040,0
29446,0
65997,0
93187,1
7883,0
44994,0
25919,3
6998,0
16067,0
22487,0
80077,0
89063,0
68389,0
66951,0
63742,3
25876,2
30886,0
21741,0
18842,1
61489,2
90104,0
11850,0
57638,2
21439,0
28193,1
32742,0
83671,1
17523,1
19712,1
39099,1
14456,0
72732,2
45163,0
74974,3
84482,0
77075,0
36669,0
4106,0
22039,0
14234,0
50486,0
95955,0
85012,0
1748,0
40250,1
1599,1
78568,0
1882,0
7747,0
76939,0
1056,2
93085,0
43099,0
46548,0
87454,0
14738,2
85490,0
46750,0
23692,0
12267,0
5614,2
20329,0
2742,0
62080,0
55744,0
99724,3
71741,0
48039,0
22532,0
31346,0
93034,0
24377,0
85981,2
13283,0
77923,0
55888,0
7519,0
47190,1
13209,1
9300,0
1604,2
80000,0
1850,1
31746,3
35393,0
8309,0
82938,3
87169,1
62099,0
92144,0
7700,0
55384,0
28265,0
93079,0
84552,0
61266,0
50899,0
56929,0
57431,2
95768,3
96639,0
5052,0
71170,0
57792,0
10483,0
58157,2
77099,0
625,0
29556,0
79554,1
13008,0
37757,0
62424,0
82512,0
39375,0
20231,0
17977,0
40729,0
22137,1
42361,0
10321,2
77686,0
89229,0
67068,1
65529,0
75513,0
8451,0
11668,1
28321,1
19786,0
7179,1
60415,0
30824,0
75177,0
90940,3
698,0
58252,0
76154,1
71124,3
17279,0
28888,0
64302,0
52800,2
48139,2
93346,0
77141,3
90833,0
92742,0
78703,0
13333,0
74344,0
59380,1
7850,1
16492,2
37472,0
21577,0
1379,0
38549,0
40980,0
26181,0
67854,3
29612,0
63933,3
22497,0
57525,2
83607,0
52339,0
16288,3
81403,3
81076,0
66853,2
29336,3
93082,0
4002,0
71089,2
83024,0
16673,0
13038,3
36119,3
89992,3
65456,3
81763,0
62923,1
96679,2
90347,0
99885,0
9601,0
45168,0
80532,0
61854,2
92226,0
80136,0
17916,0
19578,0
49411,0
16653,0
52850,0
7349,0
93893,0
5634,0
77037,3
27369,0
8303,2
65497,0
87459,0
68244,0
70521,0
84398,3
52502,0
67773,0
25340,2
60731,0
36290,0
39314,0
77494,0
12011,2
42140,0
71044,0
33711,1
24451,0
58906,0
34109,1
49605,2
19339,0
47267,0
24054,0
37877,2
3463,0
43882,1
2504,0
59071,1
6874,0
58791,0
49864,0
49029,0
7039,0
38640,0
8548,0
45102,0
28640,2
98641,0
51799,1
41426,0
25147,0
75760,0
91946,0
12994,3
73274,2
17766,1
25199,0
90731,0
63206,0
90499,0
57440,0
70582,0
38223,2
87100,0
97532,0
80274,3
67815,0
43057,1
52891,1
53184,2
33365,0
13757,0
21349,0
66933,0
87952,0
54886,0
12116,1
16727,0
67801,1
67038,0
64756,1
84846,0
68661,0
22566,0
59607,1
63012,0
62059,0
78158,0
59989,2
2501,0
41660,0
41216,0
81985,0
6911,1
15927,3
68143,0
852,0
77317,0
85021,0
58383,0
50210,1
93145,0
83073,0
77321,0
61706,3
10076,0
79187,0
4132,0
2698,1
27978,1
28098,2
46942,0
92066,0
2835,0
49980,0
12653,0
15183,1
8331,0
85101,1
38555,1
95297,0
42642,0
73159,2
12921,1
73324,3
60373,3
38514,3
17120,0
33919,0
49850,0
67932,1
32372,0
93143,0
89153,3
7192,0
95732,0
88769,0
71343,0
15298,1
5559,0
10389,0
17898,0
67156,0
30721,0
66257,0
4889,0
602,0
82941,0
26559,0
31920,0
11760,0
93420,0
32142,0
81992,0
90022,0
52958,3
77823,0
8280,0
60667,0
82119,0
19465,0
31969,0
30780,2
82705,0
56952,1
45742,1
65947,1
86194,0
37964,0
83211,0
39893,0
23220,0
81282,0
73327,0
54871,0
86316,0
8913,2
87711,2
45216,0
52507,0
83084,0
25350,0
46928,1
7952,0
93305,2
81179,0
29265,0
70067,2
23645,1
39623,0
70753,0
47945,2
60718,0
97902,0
31866,0
85675,0
58156,0
48172,0
61855,3
97146,0
32719,0
30396,1
27672,0
53921,0
66969,2
20292,0
11267,3
17899,0
79044,0
46819,0
92634,0
66206,0
94363,0
42422,0
99284,0
44015,0
53763,3
93532,3
26510,2
82303,0
6664,0
51451,1
22738,0
9695,0
87233,2
71906,0
17949,0
34521,0
4943,0
2025,0
29742,0
15875,1
25890,0
87213,3
25674,1
40377,1
34837,3
79245,1
7797,2
84761,0
40361,1
13788,0
25040,0
58205,0
82940,2
2585,1
24531,0
92930,0
24287,0
65513,2
94454,1
92846,2
93661,0
14394,0
17163,0
38008,0
47443,0
53688,0
9880,0
35762,0
69075,2
5548,0
76785,0
70542,0
50484,0
29150,0
51719,0
89140,2
29746,0
12934,0
93570,0
54257,0
62077,0
91067,0
25760,1
28030,0
61140,0
1335,0
66919,1
99132,1
8834,3
30535,0
55089,0
69629,0
62737,0
11890,0
25078,2
20396,0
36696,0
14932,2
96424,0
20344,2
23847,0
54372,3
4181,0
25499,0
65726,0
28967,1
46422,0
46579,2
20941,0
7030,3
70068,0
33060,1
12605,2
76961,0
93612,1
39904,0
45497,2
35584,0
97640,0
75547,3
45904,0
31226,0
12836,3
8274,0
55479,0
53768,0
99532,0
70381,0
55045,2
76269,2
54001,0
79361,2
74064,1
45662,3
52975,0
31547,0
21015,1
52710,2
68303,0
38848,0
7190,0
63074,0
84386,2
66,0
86812,0
2411,0
62269,1
51111,2
44931,0
13707,2
64614,0
72504,2
53285,0
3072,3
74559,0
18423,0
25800,0
6492,0
95314,0
93047,0
22346,0
5993,0
68098,0
58445,0
45758,0
34335,0
63898,0
2846,0
48130,0
36834,1
48162,0
63711,0
31679,0
88085,0
55566,0
96316,0
969,3
41635,0
70475,0
26220,0
18785,1
25934,2
34718,0
63076,0
10691,0
64539,2
17801,0
18396,0
61487,0
68186,0
39856,0
88570,1
27301,0
44648,1
65225,2
43425,0
61322,0
37565,0
56783,0
64772,0
85610,0
20864,0
73244,1
51276,0
30393,0
49161,0
25722,0
24025,1
75074,1
75614,0
37594,2
91549,0
53437,1
78800,1
76507,0
17393,0
67967,0
59307,0
84203,0
59586,2
30139,0
87783,1
58339,0
20654,0
20693,0
11327,0
17271,2
45039,0
33495,0
88920,0
96841,0
12439,0
13004,0
22096,2
22153,0
1813,0
50463,0
45525,0
26033,3
44295,2
66246,0
46646,0
23472,1
62148,2
86478,0
33342,3
49878,0
57237,0
8234,0
31994,0
87512,1
26407,1
37676,2
34432,2
85872,0
2819,0
64212,0
45854,0
5754,0
8128,1
79152,0
71167,1
75757,1
56374,0
96749,0
41636,2
50438,0
65188,0
69182,1
43763,0
410,0
94229,0
3588,0
61139,0
408,2
78255,1
39281,1
56744,3
91556,0
42774,0
57932,1
65564,1
16124,0
89287,3
77438,0
67281,1
14362,0
87484,0
28350,0
18997,0
27619,0
84624,2
59391,1
73797,0
35463,2
41006,0
36293,2
3061,0
88609,1
32996,0
73722,1
36815,0
73680,0
10399,0
32950,0
39533,0
42729,0
43467,0
18279,1
40571,3
46689,1
35159,0
65571,0
6248,0
38946,0
69465,0
71444,0
650,1
94572,3
22157,0
53220,0
2640,3
87586,1
57124,0
34619,2
73757,1
32328,1
30399,0
86504,0
36288,0
6895,0
98385,0
81880,0
11873,0
15571,1
29270,0
23039,3
20769,0
76549,0
69348,0
8135,0
68665,0
85073,0
68613,0
77460,3
66498,0
74395,0
2249,0
60050,0
13,2
19600,1
94853,0
13495,3
13210,0
50817,0
74093,0
45827,0
27357,0
20058,0
83401,2
94905,0
29364,2
37478,2
15856,2
28311,1
42990,1
12536,1
95343,0
8575,2
79205,0
26250,0
48935,2
29541,1
24600,2
72922,0
40099,2
88313,3
92876,3
2172,0
52852,2
5549,0
62547,0
8312,0
81628,1
50526,0
41166,0
439,0
78842,2
97407,0
38534,0
85901,0
45346,0
48157,0
88717,2
84424,1
2806,0
35335,0
25855,0
25712,0
53735,1
45335,0
15573,0
77201,1
57797,0
56459,0
43073,1
44291,1
81126,0
78661,0
5535,3
69775,0
31367,0
93428,3
51272,0
73793,0
6006,2
92373,0
75454,0
52282,0
16640,2
2179,0
53609,0
72784,1
55562,1
51412,0
12911,0
73558,0
38957,0
55269,1
36652,1
90863,2
49014,1
34416,2
14252,3
69367,0
83790,0
1324,1
84886,0
51520,1
14099,0
91454,0
47255,3
77255,0
72641,0
79064,0
1890,2
38954,0
58673,0
59810,3
80713,0
14024,0
22433,0
1333,0
40286,2
30527,3
89451,0
21026,0
81242,0
90854,0
32505,0
23572,0
15844,1
49104,0
94513,0
9493,2
48499,0
17440,1
21535,3
77332,0
88146,0
25163,0
62090,1
34209,0
10348,0
75552,0
8207,0
31364,0
55165,0
31835,1
91065,0
32603,0
60870,0
948,0
24340,0
1097,0
61202,0
76513,3
9291,0
81190,1
70185,0
19951,2
12594,0
24136,0
2857,2
27568,0
20896,0
17805,0
92306,0
30685,0
22158,1
9358,0
48083,3
49487,0
77349,1
18695,0
61790,3
93648,2
51062,0
15303,0
84930,0
44685,1
99365,0
73158,3
53333,0
9316,2
13544,0
53128,0
81055,2
53120,3
59985,0
23198,0
19294,0
51553,0
3990,2
40550,0
65671,2
66490,0
4965,0
58932,0
71972,0
81609,0
86891,3
99683,0
61814,0
77660,0
46683,3
56200,2
50044,1
53436,0
3517,0
89841,0
18809,0
1885,0
36187,0
77837,2
81206,0
58866,0
72601,3
53686,0
25055,2
85508,1
99204,1
84870,3
21732,0
83417,0
35717,1
34801,0
46462,0
41297,0
839,0
43721,3
11064,0
19580,2
10415,0
87600,0
26642,0
78381,0
26115,0
58689,0
87329,0
51453,0
47871,0
84686,2
49267,0
727,0
19360,1
79988,1
14870,1
55580,0
18363,0
37978,3
75977,0
41121,0
92112,1
70249,0
92250,0
40210,2
83161,1
9949,0
24495,0
30887,0
93361,0
56641,1
56229,0
95932,0
4314,0
50043,2
98845,0
20486,0
60823,0
74929,3
85847,2
77053,0
66886,2
64709,0
65973,0
84618,0
94990,0
78431,0
22861,0
91264,3
68782,1
4088,0
80542,1
30934,2
93656,1
98370,1
44551,0
99813,1
83325,2
82962,0
20673,0
34741,0
23152,0
42581,0
3329,2
74349,0
99805,0
70758,0
11948,0
45386,1
74987,2
79843,0
40931,0
78635,1
19281,0
49416,1
30262,0
64413,1
5566,0
11063,0
61913,0
53256,0
24684,0
62808,0
5339,2
41224,0
13727,0
67771,1
96605,0
47493,0
47679,1
54021,0
27395,0
81764,3
34187,0
69701,3
57994,2
37661,0
28263,2
75183,2
60561,0
77364,1
98589,0
44306,0
90632,3
60700,1
1543,3
55582,0
37127,2
23605,1
78886,0
93895,0
35811,0
42148,0
78452,2
71833,2
90028,0
62687,0
92063,0
86353,2
13475,2
72556,1
29646,0
54918,1
54120,0
98107,1
27627,0
9654,0
31836,2
83148,2
21549,0
90728,0
47102,1
79104,0
63779,0
82750,0
73716,0
79366,0
84015,0
35316,0
34583,0
58916,3
78808,0
71348,0
52508,0
23608,0
10282,0
18734,1
19637,0
60560,0
11901,0
25075,0
85027,1
62369,0
86595,0
4678,0
54824,0
47488,0
40988,0
72585,0
910,2
5721,1
19345,3
76023,1
52602,2
70659,2
53304,3
67543,0
98491,0
33148,3
2371,1
84625,0
78057,0
8025,0
37604,1
10678,2
56268,0
74608,1
55303,0
99550,0
80416,0
65703,1
3613,0
79208,0
99688,0
33078,0
91072,0
71344,2
15302,1
97487,0
38153,0
14144,0
10266,0
18553,0
9688,0
42034,0
7441,3
37824,2
9088,0
65455,2
39247,0
22593,0
12530,1
33491,2
4279,0
77564,1
91035,3
50824,2
79453,2
73246,0
494,3
97341,0
82468,1
32689,2
58637,0
57460,0
4816,0
18335,1
68989,1
2670,0
60794,2
90453,2
28412,1
70548,1
10736,0
38507,0
39103,0
71625,0
96091,0
25038,2
22592,0
99743,1
82318,0
46044,1
85008,0
45654,0
6855,0
37303,0
45973,0
55215,0
94439,0
52656,0
87850,0
65614,0
97506,0
58346,3
22034,2
16559,0
18942,1
22452,0
64556,0
29601,0
98154,0
83655,1
68987,1
66080,0
48734,2
48982,3
68458,0
77685,2
95139,0
75894,2
75315,0
71137,0
32354,0
1910,0
84059,0
87066,0
88658,0
5012,0
42544,0
33896,1
11633,0
39814,0
9342,0
18804,0
55078,3
95268,0
81987,0
55894,0
9020,0
56330,0
25705,2
40370,0
86379,3
64448,0
36231,0
24212,0
37705,1
26671,0
5906,0
94481,1
99087,0
26163,0
72550,3
55787,0
62220,0
97193,3
34261,0
56720,2
30707,0
52987,2
75344,1
11818,0
59528,2
72523,0
70025,0
67134,0
1028,1
16874,3
88314,1
32070,0
91951,0
4443,0
59730,0
38275,0
18943,0
80046,0
12474,0
20452,0
43779,1
71146,0
93806,0
29396,0
13191,0
632,0
41903,0
93480,1
59976,0
11303,0
99060,3
67933,0
70622,3
76394,3
85431,0
35058,1
21431,0
35424,0
78480,0
76771,0
30334,0
16291,0
13770,3
25814,0
28153,0
50676,1
21057,2
64043,0
47939,0
25182,0
31813,0
4667,0
18598,2
88026,1
95202,0
29236,0
41837,2
88739,0
53213,0
53967,0
92456,0
69193,0
38898,1
778,2
69703,2
4552,2
49154,0
97117,2
5096,0
11234,0
84478,0
85685,0
43651,3
52621,0
19324,2
3011,0
36532,0
58526,0
74459,0
35760,0
53489,1
81333,1
66384,0
91093,0
86649,2
60130,0
37794,0
96948,0
21127,0
692,0
47425,1
92943,2
29122,0
2690,0
77481,1
31422,2
70618,0
29426,0
94995,0
52671,0
94914,2
1350,3
21089,0
51243,0
29800,0
92020,1
1643,0
72575,3
63237,1
72517,0
36070,0
37168,1
6329,0
10315,0
74532,1
80780,0
67464,2
99844,3
17119,0
50979,3
64804,0
45100,3
75711,0
22217,1
63262,3
13385,0
56587,0
19450,0
21695,3
17123,0
7054,0
86213,1
62792,2
55055,0
69417,3
31448,2
6051,0
45838,0
1371,0
53492,2
74588,1
24153,0
43745,0
20075,0
55588,0
23714,1
68893,3
94686,0
38856,0
46591,2
11422,0
46505,1
96543,0
90189,0
47580,0
78109,0
200,1
87221,0
6205,0
67344,0
97998,0
43556,3
63267,3
28732,2
16536,1
47876,0
899,0
74319,0
47237,0
34728,0
44564,0
74365,0
92473,1
51705,0
91186,0
75233,2
13066,3
40947,2
72594,0
73782,0
6444,0
25947,0
57335,1
5816,0
44766,1
85584,0
57216,2
35013,1
86623,0
55110,0
29247,0
49640,0
52641,0
79661,0
90902,0
8867,1
99586,1
849,0
3712,3
9251,2
99615,0
95609,1
72863,2
81029,1
82580,1
68767,2
47513,2
80830,1
86885,1
65506,1
77261,1
69422,0
96646,0
69811,0
34246,0
14253,0
56894,1
42895,1
79548,0
8193,1
87657,0
44131,2
81821,2
2777,2
41371,0
53787,2
74398,0
10955,0
35583,3
25882,1
47634,0
64085,0
36764,1
25875,2
72595,0
6735,1
98321,0
35951,0
78799,1
65708,0
84989,0
51439,0
23905,2
45960,0
50691,2
77523,0
63971,2
15080,1
87168,0
89859,0
52472,0
70813,0
76205,2
13698,3
28088,0
4302,0
97811,0
61374,0
43431,0
12534,0
22326,0
11909,0
28117,3
74572,0
1071,1
61575,2
21566,0
89615,3
21999,0
55296,0
49806,0
28907,0
22005,3
65725,0
94722,1
60257,0
93602,0
51171,0
47894,2
84715,0
22695,0
42193,0
86327,0
60053,1
59457,0
7133,3
96432,1
93780,3
61240,1
28818,3
80570,0
68708,1
74200,0
60847,0
38499,2
28050,3
98756,0
89856,0
26918,0
41442,0
74640,1
54188,0
6588,0
30661,0
58418,0
3872,0
96323,0
69825,1
95227,0
76618,3
31593,0
1660,0
10916,2
42494,2
17001,2
65826,1
25515,3
16596,0
7284,0
63149,0
99251,3
17775,0
20433,1
20687,0
57095,0
74264,3
90201,0
69932,1
96148,2
87878,0
18604,0
58406,0
42466,0
53210,0
77122,2
76019,0
29599,0
92887,0
58349,2
72701,0
83935,0
15478,0
35620,0
37137,0
49365,0
4272,2
92653,0
31938,0
89019,0
14510,0
49593,0
74285,3
56261,0
33434,0
31278,0
75406,0
14022,0
95210,0
61630,0
40404,0
65834,0
9956,0
74389,0
72637,0
12438,3
91257,0
46948,0
77336,0
83704,2
52985,0
54950,0
45410,0
5314,0
55748,0
84849,0
61176,0
60514,0
23573,0
13369,0
31685,0
52714,0
59712,0
32570,3
64058,0
4486,0
54200,0
27100,0
42962,0
42318,0
36944,3
86563,0
67878,2
55039,1
53503,1
31609,0
25785,1
78186,0
42574,1
13030,0
28352,0
21533,1
97397,0
52390,3
23309,0
44524,1
37504,0
11182,0
39382,0
57305,0
34534,1
91491,0
58002,0
63360,3
38781,2
93412,0
76827,0
56411,3
31452,2
61453,1
2003,1
24674,1
16069,0
35167,3
53535,1
70562,3
49192,0
28683,1
62913,0
26724,0
77044,2
89144,0
6999,0
62043,0
11864,0
34532,2
47143,0
61750,0
33054,0
23363,2
42611,0
62025,1
4331,0
46498,2
53799,0
65379,0
53091,1
81493,0
86208,0
97683,0
96459,0
48349,0
30457,0
2611,0
39458,1
86461,0
39449,0
73907,0
7862,2
89421,3
89956,1
20083,0
76377,1
50277,0
46812,0
56758,0
65281,0
81120,0
33519,0
16868,0
2629,0
11013,0
60648,1
2964,0
4740,2
10798,2
93804,1
21526,2
46485,3
12026,0
33173,0
10994,0
14265,0
38942,0
53708,0
74764,0
55021,1
24410,3
47633,0
15173,0
20721,0
76258,0
96413,2
16649,0
57291,0
24660,0
19986,0
24384,0
37076,0
18111,0
74644,0
79908,2
34498,1
52674,0
19100,0
37392,0
9344,0
18911,0
89243,0
27115,0
29395,0
95520,1
30760,0
89192,0
99544,0
59844,0
8701,0
71424,0
69651,0
5791,1
58422,0
21706,2
66654,0
88844,3
5410,2
16960,1
1235,0
73342,2
84036,0
27212,0
64361,0
43638,0
14337,1
90280,2
86558,0
1789,0
69365,0
24439,0
94752,2
3861,0
23203,0
74050,0
45256,0
62057,0
63587,0
87113,1
21191,0
57118,0
63545,0
72167,0
17936,0
64731,0
36042,0
37176,1
65098,1
94812,0
82375,0
13429,0
65772,0
77533,0
49642,0
36976,0
81162,0
64850,0
6502,0
49508,0
38596,0
71547,0
61809,3
29381,0
96598,0
55476,0
60261,0
45943,0
63248,1
87656,2
78307,3
94375,2
9581,3
47678,1
59701,0
53124,1
18630,0
33437,1
92071,0
99018,0
61857,0
69329,3
95887,0
1399,0
64006,0
56476,0
58381,1
13309,0
44972,1
61829,0
45728,0
72141,1
65194,0
8524,0
57623,0
37510,0
35767,0
1406,0
66062,0
86065,0
28612,0
95320,0
56708,0
88105,0
50955,0
64515,3
56804,3
65246,0
65144,0
89890,2
88799,1
68522,0
10731,0
12061,3
79310,0
16176,0
41527,2
51596,0
21134,0
19615,1
74652,0
75109,0
63953,1
93922,2
56637,0
83270,0
27280,0
67749,0
97157,0
31114,0
4506,0
9473,0
20680,2
26985,0
82251,0
74673,0
11562,0
93396,0
58257,0
18086,0
24093,0
36718,0
22825,0
29533,0
81781,0
18166,0
50149,3
53156,0
86539,0
44161,2
90588,0
54707,0
7250,0
73889,2
53268,0
63592,1
10054,3
19381,0
15490,0
68019,0
98909,1
12556,0
80865,1
92773,0
88192,1
61107,1
32337,0
12008,0
51532,0
49050,0
34204,0
15039,0
81679,1
35089,2
95176,1
23712,0
1181,0
74669,1
11484,0
92668,0
23574,1
37131,0
77780,2
12987,1
12641,0
86486,1
74772,0
51152,0
30032,0
34210,0
97609,0
50123,1
62852,0
64262,1
50772,1
79380,0
10333,0
84934,0
16890,0
91092,0
60074,0
60965,1
53531,0
69970,1
14621,1
34698,0
82845,1
33638,1
84056,0
3593,0
55715,0
442,1
8056,1
82411,0
42746,1
59877,0
98946,0
90767,2
73634,0
8780,0
